kdrama_id,director
661d4193916c4e71a2c70473ab11e9e8,So Joon Moon
5ffcbeaa17114714af1959129984274c,not found
65075cb9c1a54be4a441cee6f16c9fdf,Han Dong Hwa
df0f0ac4b3ff4b15afa26f5a7a53a328,not found
04c1fe41948e464fb440001831d74d41,Kim Chul Gyu
2e06f3f0c28942fd8b8e4780f5e666dc,not found
e632ba76285f438d9448852dd31bcd96,Kim Chil Bong
4c99e91ea0d447639659b8c33f92c909,Lee Jung Rim
4c99e91ea0d447639659b8c33f92c909,Kim Jae Hong
4afb1765522e4274ad993de46e3fb02e,not found
565dbf05b124487fa6abf463ae6eeece,Jung Ji Hyun
24ecf5e1ed6b4d60a6e2e179fc845666,Im Hyun Wook
24ecf5e1ed6b4d60a6e2e179fc845666,Choi Sun Min
46b4058342e44e53aa218ac1dd40c77c,Lee Na Jung
6dca9e88afdb445bbe008289540f56f0,not found
9213b6aa40cc454d8155d68322c73fbd,Yang Kyung Hee
e16e394bd66847fa87501e8bbf4062e8,not found
b5b3c87821834977b4a94c0b74fa9be1,not found
e40375435aa7440e8303aaaea4cc8648,Kang Hee Ju
ede6d42db893475c8b8383e6d680ab0f,not found
a4b48d65e0704101bc0f77b36bb6b5ee,Kim Yoon Cheol
147ea55381da4886aead4a4329c6eabc,Lee Soo Hyun
0c9607d2ecac493a8d83ef254870c401,Lee Jong Pil
47b65449450d478c96e0612571583cdf,Park Sun Jae
47b65449450d478c96e0612571583cdf,Kim Hoon Gwang
213b74d7e6e542baa6a8f3ee394ce43e,Kim Eun Kyung
213b74d7e6e542baa6a8f3ee394ce43e,Oh Hwan Min
e27854d516a540a58be30f87b77906f5,not found
131df87dd38a4036bed05a8b4f96c891,Lee Dong Yoon
d623b6c1059c493c8b7fe4c4fa3f107b,Park Joon Sik
2ace8af95b164196a3ad74c147c51f65,Kang Shin Hyo
2ace8af95b164196a3ad74c147c51f65,Jo Nam Hyung
1470331acb00483eaaa620cbfbc81737,Kim Jin Sung
756ab26b55c44e1da0c6ede35d41b712,So Joon Moon
3974d947cd2d4408a4f9d18b42b8a1c7,Kang Soo Yeon
3974d947cd2d4408a4f9d18b42b8a1c7,Lee Woong Hee
69218fd6536e4fbbad34d6b5b7e8e861,not found
4231465c4db740d99c3a91377e851167,Yoo In Shik
95b9396130b1478398d12faf08797097,Min Chae Yeon
32f5d659283342499ea843a95a82a163,Shim Na Yeon
ddbb3f7643a741cab040a5d901ff5621,Kang Ho Jun
6b7782a36bfd47a4a787018ab0b3c5fb,Sung Yong Il
9a7ab3e975a14d53b4168b70b1264ab0,not found
ddf16355b9ac4a99bbc9944005716be8,Ryu Kwang Hyun
36a8ad9a260f4e9785eb84a352ed1082,Jang Jung Do
36a8ad9a260f4e9785eb84a352ed1082,Lee Jung Mook
797990c3edb0455684569d2c9b6fb8f8,Kim Dae Jin
797990c3edb0455684569d2c9b6fb8f8,Kim Jung Wook
df60bafa9d4e48fe892e5a3224ee95a4,Oh Jin Suk
3a1eb86b79944960b52877b8570a5614,Choi Joon Bae
3a1eb86b79944960b52877b8570a5614,Min Jung Ah
297ac1c142f246658fcfde4a08bb8ba4,Seo Min Jung
297ac1c142f246658fcfde4a08bb8ba4,Lee Tae Gon
ce34fc07d8e24fa28d2aa66b73e2b916,Yoo Jong Sun
ce34fc07d8e24fa28d2aa66b73e2b916,Kim Seung Woo
5d09282602294569ad3b03d314fd4656,Kim Hong Seon
80c7288b96724e56be7facb88b4b52f5,Lee Han Joon
80c7288b96724e56be7facb88b4b52f5,Kim Seung Ho
18e59f4c002046a68a2b22244f0ce58d,Sung Yong Il
84f5fe50666c49a7b6f06f000cf9d25f,not found
4f73eff09b454c9c92641e385951f120,Kim Jung Min
002397298f1d4b01abe2abcb0e1f5050,not found
b5f931b0e63048d6a5f20c9f42632979,Jang Eui Soon
9fac512793284ba0bcbaefbdce239691,not found
8008ffaff64a4062869651228745421a,not found
8d7a9e8c74574726a484d0bee21c16e6,Shin Chang Seok
817ebe18a7f14573b13c908f9792c390,Choi Young Hoon
39d32332c2d44961bc25e34e297dcce9,Ahn Gil Ho
f9860c4b65b746d7af2b545cd152a4b6,Lim Hyun Hee
3f26130cdd9f48f88542b5fd2102a8ca,Han Hee
3f26130cdd9f48f88542b5fd2102a8ca,Yoon Sung Shik
a765b71b943b40bc96b49a13fd68d8ea,Lee Jae Hoon
720ff247e2104d75a910d3060864adde,Kim Jin Yeol
2b7d38ace2f34aa5a3d9cf527a2895ec,Kang Sol
2b7d38ace2f34aa5a3d9cf527a2895ec,Park Dae Hee
43ba2a24cdfb4432813ae5b62bc0afcf,Bae Jong
146e8db529d94c74b0d46d5c61205c87,Lee Kwang Young
eb828795b827408ab3eb9ae2a72cb507,Lee Dan
a7edc4aac88b46c28b03f1e1e15ce750,Nam Ki Hoon
18811f65d69b4421b480ce172a270bbc,Lee So Yoon
a1d22c0ed9d7434cb019808fbb84931d,Kim Jung Kwon
074678b51cc146099fa77f8019c6f932,not found
074a402ced184a2d944b0be2915e9c6b,Lee Jong Jae
9d36063c5c4c43f88286381e3da0c2e0,Kim Hong Seon
e54c33c0a6ee4710bffba974009a3b87,Baek Soo Chan
e54c33c0a6ee4710bffba974009a3b87,Kim Ji Hoon
b7e91068ff774313b7830c4ecd788e56,Baek Min Hee
13e0534998514029bd39c66254b65035,Kim Jin Yeol
d2709c06e0734246a530a8dce3b672d7,Son Jae Gon
a6f6db048d0643e8a60dcaf048a0f6a0,not found
247b9e25c4dc485b872874728c58de78,Yoo Je Won
6ecc3c31bbbc4f9d81b0e32f99aadcd0,Park Won Gook
6ecc3c31bbbc4f9d81b0e32f99aadcd0,Kang Hee Ju
a416da71b0784251ab04bb709df663d3,Lee Chang Min
b8c250f350394f50a59123da00c8da59,Lee Won Tae
c9c05261383941d680b63c1fffb1e990,Lee Jin Seo
222e99e106ea4c77a813cada533ba427,Ahn Gil Ho
b5315a2fbebc4e7b8452bb120b803509,Bae Jong
381409f415584820a837fce6a34bdab3,Yoon Ra Young
95e4c83d559b4912936bd1ad5fb3dd0a,Kim Jung Hyun
03a6fb0ecaed4b8cb1ab4e6afe7d371d,Jo Young Min
6b6da65381a7445db16949e0112202a3,Kim Jho Kwang Soo
4c2c09a237e04a379d6c0087df3b11b6,not found
c8fbe1db8fea4a609efc900be0cd0301,Kim Moon Kyo
71b861e46a0d4c9c9f610ab8aeee0e62,Min Yeon Hong
71b861e46a0d4c9c9f610ab8aeee0e62,Lee Ye Rim
f7a6fc58e1bd4fd098c6f39af8352538,Jin Hyung Wook
ca4f025727da486aabc3857699b2c7f3,not found
11977741f6ad4abe849d42434a4360f9,not found
a4502b6e34cd4d3bbce991f1c569ec7e,not found
c4a484ae19864bf08150aa68e5511db1,not found
d6f2eb3a6fb7426587a69d9ea607ec68,Yang Kyung Hee
55a30d5405e6468888731b884fa9444c,not found
eb312ec94d314c86a2b2b2f1e2b2e159,Park Joon Hwa
eb312ec94d314c86a2b2b2f1e2b2e159,Bae Hyun Jin
c97de85d400244238b90106e6dac14ca,not found
ed7dba5b86474d5b862b16498745852b,Kim Hong Seon
acd737f1fcc44eb6bb8e0ffe1455716b,Jung Hoon
acd737f1fcc44eb6bb8e0ffe1455716b,Park Sang Woo
140865f39119437c8d167019630c9357,Park Soo Won
9f18660af3e84496b65832d2e8b36c5b,Lee Chul Ha
b8e916f210824b6c99ba2751ba269bdd,not found
de4dda27c21048079261b84b87d29e6d,not found
b157d1e4291043acb39f61cd6b2c5493,not found
dabba72913bb4365a129e1702475c9af,not found
85f8a1b2113d41cd9504fed4188a8b0f,Joo Sung Min
991e11bb65964d9398e6a6c2b097b45d,not found
b48ff6820dbb4d93a9d0473c01f146da,not found
975d66a53c1f42ed934c339341430d10,not found
345d9671f9994612b840235f80fbaede,Seong Do Joon
c123bdee96414ea88041f11b0f046000,not found
96665ebeadb34eb08e026a5b5bcf5c81,not found
fee91be5beab46cc9e1a814f7feafc33,not found
28ead17fd9c840459f25987f97212026,Kang Min Kyung
3b079f4c99ae4b22bffc4f8cb5c9443e,Jung Sang Hee
204b00ef75ab42e18d0a385146394e3a,not found
3480df3c84b54e9ca6f820f9b7b46fc4,Jeong Dae Yun
7ac7793b431849d7bbef43d8c08b3181,Jung Ji Woo
8a3b5ff717be4d5aa6dde12c6716a299,not found
0f94e6a127d546e19188c6f885c3dc78,Shin Kyung Soo
c74f9e29686e4c23aadae288655e28ff,Kim Yoo Jin
83543621097c4be59a42eeff293156e0,Lee Si Young
9e069b7c5e984560b5963edd573e3669,Jung Sung Bin
ca0241be393e465f8a9d101cf30a1813,Baek Seung Ryong
18bea301b0904467bfbca9ebb3104b87,not found
45b9c677e6254f11ae5e185ef42a1e4d,not found
7dbc6cbd339f4e3c91f686436b97fe70,Yoon Sang Ho
630c09dade9b4dcea55219062eb506cd,Seo Kyung Guk
6ea177d1ac71409783043ccb7a28f13a,not found
8fc538cad556484cb3991593b4de5130,Cho Yun Ho
dccdc72a8f634dcb852888d5a56ded83,Han Dong Hwa
c8f9eaa30fbc4270a9c43c98716c1d34,Ahn Ji Hee
95e5e03eb80348a3ad5e873c302c01a6,not found
7f973795a2cb432d8522048b5b0a6443,Kim Bo Ra
8e419796332c41f8bab10885a9553ceb,Shim So Yeon
59801df552954651ac1d8e4fdcb7d919,not found
1ee043d15f8e4adf818ccf3c95340165,Kim Hyung Shik
0a31702b2da244bf855119c196f9597b,not found
9cfc4deaaa9e47398853207cfbda416f,Lee Joon Ik
1c135017a2ca403fb696b333753a71e1,Teddy Hwang
ad2f59289c4741989818238385199dd1,Lee Hyung Sun
c8d621c97dbe4e9ca19a24652b82745f,Park Ki Hyun
1e42cf9e60e24a34aa3aeabab791d9cd,Roh Deok
c726ced6653f4760a231a5c9e6b7173a,Choi Kyu Shik
755c57bfd06945e28d8500ca64407499,Kim Sung Ho
7ff292768b404b2790932bc07d8f5321,Kwon Hyung Jin
6d4ee2d37d9543a78268caaeb56d5f9e,not found
6a01b0cc41514897a2e081e9553a72a4,Go Young Tak
c9c1daba2db14348b0c28ec4cdc9dd50,Han Tae Seob
ef7df45342004eb088e15f03bc73e10e,Park Joon Soo
e6b47cae5e694d9cad50b2f9bdcc2133,not found
8064520699c04a988e126b1ca80d2c30,Park Man Young
0c85d30c5f1842e3817983e3573d728a,Yoo Hyun Ki
9aed3bf1ca164ef381c8596c0fc2538d,Kim Jae Hyun
38bed0dcd0644ee897ef84d587aabd78,Song Hyun Wook
38bed0dcd0644ee897ef84d587aabd78,Lee Han Joon
5e08349df91145d9baa6162f7479e28d,Nam Sung Woo
afce304dbfa1470dbde67f249b77e292,Kang Min Gu
f9bb00665e474ef59a8504e17d2ad9ba,Wang Hye Ryung
2676d76944924114b17a0bcba41e491f,not found
8a17456abb36462eaafac464ae6a6151,Hwang  Gyung Sung
395b2c67957e4c67a5ea41ef65d21691,not found
8cb84ad3d0064c14954b539ae4090ee9,Lee Jae Sang
083a00a4b5934c6a83aac886bece5f80,Son Jung Hyun
e5e381634bbc4e878d0123a83836ebbe,not found
c032d2f2e8bd45acbfdc1278c8fe0569,not found
aececc285e954110a743d4ba9d1b77f4,Lee Eun Jin
2951261cfd82412f96629265b2d485dd,Kwon Seok Jang
adf30bba1f0741f8863d050f5a058cd4,Kim Hee Won
d500ea2a9b3c4667bc58e7addccd766d,not found
27a3c07fbcac45c29a6c5f0daac89eda,Kim Jung Hoon
84f28ecf24324d999c8740e9e78a1dba,not found
35bee5a285314bd2b7dbde466ab57b2c,Lee Byung Hun
35bee5a285314bd2b7dbde466ab57b2c,Kim Hye Young
b32e211ebe654e6bb2dd88a7921162ac,Kang Min Gu
7b7e45269d0d4ebf9c0de9dda7769592,not found
d7ae6bb7d79a44aca7b951032f3bcf97,not found
ea55720164574114b2c8c84770794ba0,not found
34bd5fa45bea48bdb9134a0eacf1bb6a,not found
1cef85050bba43b399fdc75d928f1ece,Choi Ji Yeong
08ccca48ee5544c4bc794d61e6aa4cb0,Kim Jin Woo
08ccca48ee5544c4bc794d61e6aa4cb0,Park Yoo Young
3fc647dce67a4e30bd0eb8b90dd9c843,Kim Yong Wan
7cbafa2d5c834f14872d33fddbb7983f,not found
b1ce5896901244f9867fc887b781f780,Song Yeon Hwa
8150228f6a7e459ab51cab807af20475,Park Won Gook
8150228f6a7e459ab51cab807af20475,Kang Hee Ju
224299fafe06454fa2ffe0bc6180ce3b,Kim Da Ye
224299fafe06454fa2ffe0bc6180ce3b,Kim Bo Kyung
e17a7d708e2844ec8b820ce915885fe6,Jo Nam Gook
e290ac91f3084a49b35f337e25cff335,Jo Soo Won
49846934ef8d4b719668046fe9b1b2a9,Oh Choong Hwan
49846934ef8d4b719668046fe9b1b2a9,Bae Hyun Jin
34b53744599f440b86c2cc69d328c196,Park Seung Woo
29615f35297a42ee848a84cdc941da60,Han Soo Ji
501ec48e42514ae68282fd1852c942fc,Min Jin Gi
0081e24b944a459889a73c7cddc63fe9,Kim Jung Min
d2ad86fb205f47d3bef8109a626465b5,not found
446e7439feb64edf906f59ee08319017,not found
b2092b70d1bd4fffb57d67609be3e88c,Han Da Weon
3bbadf6f6afa496ab5bbe6cd4ad45bd6,Lee Si Young
df3ad5749f6947b4b592de98b9fbcc5e,Kim Seung Tae
894409db575645d6bb479cc8b8ca7810,not found
53441eeeb06145e0a95cc0452d92f98c,not found
836c0f61abb24168a133221fbb13fc2f,Yoo In Shik
1e8e25cc8c3f4c2bb1936ab2b78e7ff6,Park Jin Woo
1e8e25cc8c3f4c2bb1936ab2b78e7ff6,Seo Joo Wan
7457ae7cfc5742799ecb07d35ac2ab1d,Kim Joon Mo
c86ddae23c314a819a06e19796458788,Go Jae Hyun
c86ddae23c314a819a06e19796458788,Yoon Ra Young
b966838adf3547069389d6226ad55a67,Kim Yoon Cheol
019ae37024fe413289e79abe5896a6e2,not found
fed3b366352f49d2bd03012b405d5afd,Myung Hyun Woo
4a69b64594944670a9645e2fa0c9bd67,Kim Hong Seon
b14f976f30dc4d6d881e1fc26ce900f9,not found
f4cc8bad5f9e4c2bbaaf6e006da52bcc,not found
c068c66062ad4822bfc94e93377ac2df,Park Joon Hwa
badd9924bd00403b8287840eeb3905a6,Yoon Sang Ho
707ee4f843524c05a3f8e6c98150fc9c,not found
79cbbc672e96404cbb8ddde161a80a0e,not found
66cdb2b54d7f4d108a6968e308b2d27f,Lee Sang Yeob
2bb05b06a7104be6b37258f2f5efbe79,Min Yeon Hong
edadf735eb96482d918626c5d121f0b9,Hong Jong Chan
02969507328442baa65e04c8c64bf2ce,Hwang Da Seul
a341975626a846228f6f004d484c5393,Yoon Sung Shik
b20263aad84e4572ab498836048fbbdf,Lee Yong Seok
b20263aad84e4572ab498836048fbbdf,Lee Dong Hyun
57b95439d5f24807b21ad5d5b120b533,Park Soo Jin
badf93adf3f84753ba611e894dbf9216,Park Bong Sub
776cbc33c9dc4f319f796435fdebc483,Jo Yong Ik
d3e60abb1d6e40d5b58f85acbbb8fe11,not found
aea89f18609e4274b07d2d04446b17c9,Nam Ki Hoon
9f14f7247af44db7ba4462833d5dfa4a,Uh Soo Sun
403f8335e046472bab7ef42097a30e3d,Seo Joo Wan
403f8335e046472bab7ef42097a30e3d,Song Je Young
b2349a77a4da488a9cc05365face92d8,not found
c962f6b8de3f4971a346e9aa4c355b90,not found
6be64b323a994613b431862d28ef3a52,Kim Min Joon
bfd65f7065e14ea5899e81515fc1309b,Lee Chang Han
d8aab13ca2424be08931a52e2235573c,not found
adb01791ba0f40f6be562a1c24e9e5c0,Chang
9a43f57ebd134f009c499548d9db88da,not found
02623ccbcf0f4bf691906e03fdf681ea,Kim Seong Yoon
fec69e4b78cc43f68f132a4f5d97847e,not found
abc18948fdca4edb8e246a28b0619608,Choi Do Hoon
a1a4d8482b544159b2510eb3512c028c,Yoo Young Eun
63023c9e0e264d7a83678030520767d2,not found
9b91902ff2be4aa8bff080c0f38f875e,Oh In Chun
f4c1816bd19b485ea93c579421b19c17,Jang Kun Jae
dd5f64b4028945a6b8a8f0eaab4c2147,Lee Eon Hee
fdb4adbc52644d4ba3746625f0d7cad5,Lee Su Ji
cc8355c5316f444e98a24cb2f83e6801,not found
f55d966b26c6459fb35d1f1c41a16c66,Lee Hyung Min
f55d966b26c6459fb35d1f1c41a16c66,Jung Sang Hee
e9d858e217fc4a0c91b6d0789a0a8ab8,Lee Soo Hyun
b9fa083f29d54ffc833f6111f61fad0a,not found
d18ad732e02a47a7ba7d1e3022a2f556,Jo Woong
8353869729b24ded946a98a316864df9,Kim Hyun Soo
ea43f02b29b34e0fa95b1950cf335182,not found
526e414b88784280b03d7a984892eb0f,Sung Joon Hae
4028cee20f2d4108aa71a24b8361a3dc,Lee Min Soo
a08a3bca2f0240f6aab36d71b9542525,Choi Jung Min
96f89c29e21f45c3a3d918357c4f63fd,Kim Kyu Tae
96f89c29e21f45c3a3d918357c4f63fd,Lee Jung Mook
71d79b59f4744377a669552542d72d2a,Kim Seok Yoon
ad9f29548ba14137ab9c8b8a79340cae,Han Cheol Soo
ad9f29548ba14137ab9c8b8a79340cae,Kim Yong Min
fb81a8235c8040bc902f119ac15d8a97,Ra Ha Na
38b58cb1d1da42f68ff2c27f84d23978,not found
817c9e7c3d274c95988e98bf623c3103,Kim Sung Geun
e05f8e64cf9846efac0e776c39ae1d6f,not found
1d1a54915b1042ef9cf2c75ad756c29f,Kim Tae Yoon
1d1a54915b1042ef9cf2c75ad756c29f,Sung Chi Wook
7edb2a10033f41a89fc05a1dc564698a,Hwang Da Seul
daedbb37e2914f3eb251f2046036abe6,not found
233d4519d4de4f568eff0a1002c27460,Jo Yong Ik
3cd9316e6e8e41c6a4abc120c8b2c7b9,Kim Hee Won
a20effb587684b4cadeed6143db7b110,Kim Dae Jin
de92b17fe6094ac0a89397116498590c,Lee Je Hee
d1a50a61de8f42a0bb19629d354b9231,not found
2710b731a0bc49f788f1105f494c0b86,not found
8ef05764fd784630a7c785ab771afea4,Jo Nam Hyung
abeb1a45aacc406a907ba67d0ceea720,Noh Do Cheol
3591b9c6214a48c4b7cda260f703dfdc,Kim Jung Hyun
4251dc1c122e4d0ab088525221c91e5a,not found
40548083bd0e4a06bf7ed7229cfdb04e,not found
96152749917043049d32a1e31f5e66eb,not found
db7b62f428144d05857d3b9a6783a8fa,Jin Chang Gyu
f4e7284c0e4248d0b5adb16bfe4974c9,Park Seon Ho
501a728450c14ac2839ad506d15393c9,Yoo Jung Joon
bee48d7a0ee44413bd68a8e232194d67,Hong Jong Chan
56a6e3ed5ee74fceada4554cbdea37ec,Yoon Joon Ho
83c315da33504706a6c0fcc3d2b2ffa6,Kwak Gi Won
995384b92c024665ada1a9ba7762f87d,Park Eun Joo
77f90887c9a241c78d11fc409370c33c,not found
49ad96962b6f4cc28511c5fadb83d0a6,Lee Seung Young
cb26377672b644eebffbd82c577a5fba,not found
ca180ef40fa449979fb8dc4f52943a3c,Im Tae Woo
707f130f562c4d4e97cc586955e8161d,Kim Sang Ho
d2e509b0293549bab62b76a9f8630956,Lee Khan
ec80f88a2e594a909facc164a0d73363,Kim Soo Jung
4ca05130abbe465e9977b7f163968e0f,Jung Ji Hyun
4ca05130abbe465e9977b7f163968e0f,Kim Seung Ho
816b51849094447f89adce232344a04c,Cha Young Hoon
7942874984774447a18427710d4740ee,not found
e6c7fd2d0e8c4a769e423d685cbcb855,Yoon Chang Bum
9245d89cad664003a60362091077fe3e,Yang Kyung Hee
82d3254abfc942a9b6807e77cd1d12d4,not found
fa66edaa18174140a493953f362adb82,Lee Jae Gyoo
c441061e809a46e1935f500435e08144,Kim Byung Soo
c441061e809a46e1935f500435e08144,Kim Jung Wook
f5200918b21242488d216fb819b3a25a,not found
d98c2e5fd8994b9f98c4aece701173ef,not found
c96506545f98443a96125e3f856c37c8,not found
34104944bc9744709af2b384acc33f12,not found
d43e01e587f74dbe8745d9cbfdfd5721,Kim Jae Hong
d43e01e587f74dbe8745d9cbfdfd5721,Park Bo Ram
2823d3b541494c7aa0714ecf3e703092,Lee Kwang Young
fcb1691eb6e943648e600a5ff571a1b3,not found
9c3a434980b3438ba14350273b945888,Lee Seung Young
8563cc87e4164f968b92b9f517e9aa06,not found
5f5f29e8989840a0ae8e8a291ecdb10d,not found
bff00514de05407aadfe5e46df7e6ee5,Boo Sung Chul
abd776a88ed74a0388052a8ee788ed20,not found
90d56ae56bf04e21bbfb8cb3508ad4da,not found
96451ecbc55f41fe92dd8895e23669f1,Han Woo Im
24bf8376461b4faf866d65bb3e3ff71d,not found
4e193e1d5b064215a45d83cac4ff91c2,not found
8592a9a766af4a9cacd85cafa5574fed,not found
67cc937e9a6245e6ac31e0ffeb8f2442,not found
fc2b4039d942494c935fc90ee0536b02,Choi Hang Yong
aed49509650b42a08fbbec07058dcdee,Ra Ha Na
afd62f40453244bb850a6b4374e80811,not found
533226ccb2f54c9d871bfbdf5942b59c,Hwang In Hyuk
82a15be2e80146edb2dcf37fa8424bc4,Oh Hyun Jong
b91a02a9a2124ea48216d02da3251940,not found
fbbb973ea84c45b190a58b3db6d22c1a,Jang Young Woo
6275f94b7ffe42a09fca2f4dc5312949,Jo Hyun Taek
a6a12a926cae423d9b69ff404cf7187a,not found
f02e1844cd8241bc9a703068685068ba,Go Hyun Gook
f20e575db39b4c13ac91663142bde442,Kang Min Gu
52225793342e440d90354d4a0f305586,Yoo Seon Dong
8043422b7f334b54bac043acc99c8e74,not found
0ff5eb81b801427c929b8f54aa6fd606,Kim Won Yong
13d4dd9fa77c4e1594c40344dbe4e3f1,Kim Hyung Il
0c2844f3b5c9442e8d8e3ac6f40b263c,Ji Young Soo
0c2844f3b5c9442e8d8e3ac6f40b263c,Seong Do Joon
20f42a0060a44c3db7f287e19bbf6ed6,Kim Joon Mo
e8df05a7221b4a119e67460d4fea756f,Yoo Young Sun
e8df05a7221b4a119e67460d4fea756f,Park Sun Jae
e8df05a7221b4a119e67460d4fea756f,Lim Kyeong Taek
586552dadc384dc9bdabcd798d7b5424,not found
056a9d09a3e64ae1ae175722ec8a8e7a,Jun Chang Geun
6435f42a442f44f7b54352450dedd4a0,not found
be4cda9c25cf423083a76d32f4738d17,not found
2f4e0303ef434cdf9f5ff951cc4f5e74,Kim Yoon Jin
0c9c4820a7c24243a46760f8fc3afe36,not found
cc60287725dd4786b0ae43fbdbb586e5,not found
a67549039b4845c0b989906b6675d742,not found
9df359961b384400b09613ee8ebe81c9,not found
95cafaf4bf17411180f9ceadbc2c7d22,not found
156a1ad20b7f4f5f934307eda585e5ff,Kang Sol
156a1ad20b7f4f5f934307eda585e5ff,Park Dae Hee
92ed12688d5446e8884f4a553c1111b4,Lee Myung Woo
64df363d37ac4999b831e22c409d47c7,not found
60a1650ce01c4dd6b1e6aa1e35af1bd8,Kim Min Tae
51d49a762aea4cd3972344dd227a2cc5,not found
46b459b646b448bbb963e6eb2926176c,not found
67c7b25ff0e24f6b9c9ec541aef469ed,not found
53471a6aa3d64aa0a7df416050b2f338,not found
17dc1c95a60b470cb9d3ef55a4316764,not found
550ba294a24749ecaec19326d3f53586,Oh Chung Pung
2fa853ceae2547f8a62a7391cc4ec7e5,Ha Han Me
74f04ec7c19f4a4285d1a6795aa2dda2,not found
4dbdd617a08e4cae8ceb1f933284a92b,Yoo Hak Chan
516e402696254365ab6bfac5755a1856,not found
91a1121773204c34ba54cc202ddc87da,Lee Gil Bok
c7bbfe6ecb624f4e93acb9eef4004a6a,Jung Ji In
c7bbfe6ecb624f4e93acb9eef4004a6a,Song Yeon Hwa
441d5cb7c0c24512aba11d4a62c80eef,Kim Sang Hyub
df0321a646094d5fb6ccb103d458e232,Im Jin Kang
66e1f80f03d64901aa221155ecad07bd,not found
3e91c046938c455aba649dc01e322f68,Noh Jong Chan
9bd402e387bb4acbbaa619f336c03733,Yoo Jong Sun
07ceb42705fc4617bfa527b4c4582637,Ahn Ji Sook
78837292cb7948d8a33113b7ac55e5c3,not found
f6bc3c7cba654d65951234a1e70bbceb,not found
8057ee35785644d5b7b09042e559776e,Ahn Gil Ho
acb0ec089c554c189f2998a6d40419af,not found
3bf69b7f86da4a83ad9837bac0094463,not found
e3457d5bae2f47a8807b6ad497b8d731,not found
1dd90b23a1e6490996e1c6882a225a55,Lee Jung Heum
8ae7ce5d7ce148d4b58f4b7b5bb2ed7f,Kim Do Hoon
9e64314639724112823941650158142e,not found
58a15e5cfe1c4c9595da102b7bb14386,Go Jae Hyun
ada2113a9c9b4df7ae55c9f334f0034e,Hong Chung Gi
fc52449befe44b8089bd35b874b61e41,not found
20c7f89cc0ff49b59de054173fe274a8,Lee Eung Bok
3b8bd865d3bb49c1a47bbb31dd4916e6,Kim Jung Shik
62cf5f2690c54981a959fdfa618605ab,So Joon Moon
0eceb108f7024d4eb9325e16c8fd59f8,not found
10ab51a216c44133b77d9082135593aa,not found
470157f0af5746e0848f25579b0e33b3,not found
2ce65e0a26264bfa83bf6082d185aec2,not found
f978181357f7418eb943016b9e7cca31,not found
c85caa9a0c0649428e5749c87dc49035,not found
9e3a7ea7a3724ae1863bafc75aa286f4,Kim Jin Min
edec2115796a48988b7ba36135a8e457,not found
c82c9522b0cf4d6187677e58a04e9ac9,not found
6318764b9c29463e81f34ed0528a66ce,Im Hyun Wook
2316b442002e46ecb9918f7863758175,not found
ec13ce08ba544e99a7d1ce3f3bab6a2e,Song Hyun Wook
ec13ce08ba544e99a7d1ce3f3bab6a2e,Lee Hyun Suk
7da80bf1cde3487eab5b3055c524fc15,not found
d0e6ea87a05d495fafeaafebf203d46b,not found
4b5c084242494cd3865068f903e1e2e7,Baek Min Hee
a8351bb5d93847e9bcb31cd306598efc,Nam Tae Jin
4d7e37bb0a624bd28f011da2e13e1f38,not found
e8f4d7f0dc6f4d5385bce7f32bf36b57,Choi Ji Yeong
358fea5c301d4304855d4c720f24bf73,not found
7fc3fd46570d4835a27a0f51a387860b,not found
8de57ce4c47040ef82252f6bc3987439,Shin Chang Seok
d753b5b97c234b9d93462b3e0c45208d,Yang Kyung Hee
d753b5b97c234b9d93462b3e0c45208d,Yang Kyeong Hui
f8d993bdd57b41f0a908ad91263def5a,Park Hyun Suk
ddc829b4c170484d94efedfb4cb29f3d,Lee Jung Sub
0d9d0a24e2b848aaa255f3843b0841bc,not found
46d968a040594c5a92ac049bd022dc24,Choi Young Hoon
6643d91423d449e0a5b1375a3fe62c43,Kim Sung Yong
dbd263bed8d8402797d1a7e87d26d3e2,Lee Sang Yeob
c379f71b8260451b92540de57a2d2776,not found
79e96981597649749c5cf66539caf375,not found
4b9d9f17befb4c23b5141bc716f6f935,not found
31f99c81479348549ec256f0dbee2289,Hong Chung Gi
1c17f39681f54c8383b7dcfe7fe14abc,not found
1295979ebb9e41da9ffacb5de8f91d6d,not found
9d3c7f0b35284b4ca547e9d74c5a0edc,Ashbun
4ca31b1d115e428e8068f3bdbe2aa22c,Hur Jin Ho
4ca31b1d115e428e8068f3bdbe2aa22c,Park Hong Soo
20ef4cabdc7c4d4f8fc702438e317230,not found
54dd0755cd11448fbe61392320aeeae8,not found
f47ffb4cea3f4c9d8bda5831e1dc1974,Kim Jang Han
832bc2f802074384b637cc68de2cd1ca,not found
38b77aa16d9a4c0386ecef9bb6477279,Park Sun Jae
38b77aa16d9a4c0386ecef9bb6477279,Jang Eui Soon
b27d22a8e87b4749a532a276d1b3d196,Jang Tae Yoo
b27d22a8e87b4749a532a276d1b3d196,Nam Tae Jin
08a4b2f383a742a79bf0a0f5983108e0,Yoo Je Won
69ed687932e44979b0eca7df683fec7f,not found
a1514f42942a43668a3ac869d8e916b4,not found
d4d060cfc1ff4c9bbf42f88914566a89,not found
684a31b2053b425c9fd4c96085b73282,Lee Han Joon
684a31b2053b425c9fd4c96085b73282,Kim Ji Hoon
8c3ebf3e599b45198ac12f499d20f9c7,not found
e31013dc3a024e9cb4e6c2aa9ac7bb90,not found
48dfcbd6e89d40d09f431cf453ff1551,Kim Chil Bong
e9004b8c487b45b79eba6a959b01ea36,Yoo Kwan Mo
69243e93b048442ba6d6d9057129a021,Kim No Won
2bc3dc40af72441abde7e41d4164e260,Jo Ba Reun
00b588ca30904308967ef003d04c2efb,Park Ho Jin
a3ed7879ded544689b67cf957a8fabc8,not found
2806560cb1b94898936fbd4a019969c3,Park Dhan Hee
095b0dafb5534f6bb53d475580749777,not found
f56eebd0412f42bdb7a2380d0ab29c73,So Jae Hyun
f56eebd0412f42bdb7a2380d0ab29c73,Lee Soo Hyun
3b267fde9016499cb3a64d525b4bce94,not found
d17381edcad24edd8b34d3a6466e00ee,not found
2b15b1b97b264c85a56ab42854364276,Kim Soo Jung
1171578051a44b5a93b8c691b6dd1d32,Park Ki Hyun
6cbb1fa1db7447379032df5d48e54e45,Jung Ji Hyun
6cbb1fa1db7447379032df5d48e54e45,Joo Sang Kyu
22dca69dbdb74efa9566fa28551fbf5e,Choi Jung Gyu
7d4e424bfb8a46078662c8ad89bbc1db,not found
632f13fd608748b9aa13c29481b2f221,not found
8b764a4531e647e294fa72c880394dbd,Lee Yoo Yeon
60312b4a037647e09ea87d370cd14d00,not found
233b24ebb1114c19b52d26a776057ecf,Choi Jung In
27aeedbcce7b43b19d04cb808c67a237,Kim Ga Ram
27aeedbcce7b43b19d04cb808c67a237,Jang Ji Yeon
3a11d1bad65f4365bcdf3dbf6a3d8b46,Jang Tae Yoo
d0b4db4fc9e94886a0cf97584ba24bc0,Shin Yong Hwi
d0b4db4fc9e94886a0cf97584ba24bc0,Yoon Ra Young
831c11a2bd4f4688a9bd44c2a57b2136,Kwon Ik Joon
831c11a2bd4f4688a9bd44c2a57b2136,Kim Jung Shik
65a21d47d2124e39bf72cb70db93c6ec,not found
179a8de0480e4349815de69072857ccd,Shin Won Ho
34c348eda268405c962332e93fc08532,not found
48b55f43169e418884974f380b0b62c0,not found
cd93c534bbe14d2c9a27e6c886ad7328,Lee Chang Min
8492dd3311d6401da96e3bc8d4b950ca,Kim Jung Hyun
b237447e868842dd8413d0870562749d,Yoo Jung Joon
ebd039c84af94c60ab7a2ca528d05e7d,not found
32721ffe54794a8c8b50de6025548a47,not found
a5658e5fb87340aa8c4b3bd8610ed0dd,Joo Dong Min
bdc12e94c79246f89a142e0040a7fcec,Yoon Ji Hoon
05a3393e616541f49fa472e924236001,not found
61a222f93d1d439e833015972aff5584,Jo Young Kwang
a69b6262c9c940809ed3c8c5bcf3dd71,not found
9dcf30c786774247842fb5835fbb2988,Lee Jung Hoon
731e063cf3ee489b8896676552b9cba2,Nam Sung Woo
5a43f36979794f2b8bfb0bed4581b16b,Lee Tae Gon
71756ef058b24c239663f29a97439683,not found
58139a355c2945a4b79088752e641439,Shim So Yeon
48cec00d4d5246aca530ede00b64d327,not found
7c2fdc9207b04229ab6dc70b7b1d767b,Kim Sung Ho
493cb3c053ab4136815d8643011dc01b,not found
b3624ee963f54b9ca61f5264fe073f47,not found
4717625475374118818cfffa38a03aea,Kwon Young Il
b10fafe43d8d496893f58fa50cdfab5a,Lee Na Jung
b16eebba9808484881f15ac39d9493e0,not found
e27cec82e33449aa97802b33fbbfdbbc,Han Hyun Hee
712f40cb1c87413fae7255fa423e76a2,not found
63e64db6f5314480a7b921610532d2a3,Song Min Yeop
63e64db6f5314480a7b921610532d2a3,Lee Dae Kyung
2b9c24f833ec4d248d1cd7f22d85bcc2,Kwon Seok Jang
cb1fcbaf4405470487e84f4d11d90055,not found
1c5638485beb4b3286faaff36e3e32af,Kim Bong Joo
50b3f678af9c465285e97b39ab6c4349,Kang Cheol Woo
ad10a2d50c004f389a281ffe672a046c,not found
4ad9f2c603984b95a77d0ae61092d15e,not found
c377667c527b43fc966d78e4cac9e011,not found
d70aea9eb9f140fbb2d588ad86849e18,Song Hyun Wook
46f9061ea25b450c90c14ccee9bc929a,not found
ee529948362243169e4f637f80633ad5,not found
1455a0b6c8e344fb8d4f4cecf96ea60c,not found
b51c154111534c679922411f32ca5270,not found
ec8c0dd70a4b487280a12b64d8406d10,not found
ea1a5735be0a4e0baf90e79e9e24a1eb,Park Jin Suk
71a36358fd704b80b56042110f60a2f8,Kim Seok Yoon
61e8cac38ad34ee8a626edc7fb9293c8,not found
009b96a93cf94436b33ac697de73d35c,Jin Mo Young
5bb14f14bf6f44569da21c59d3c505a0,Bae Tae Seop
26ff3c6f3a2646d9a518460cd86412ef,not found
2953c8e2ef2d4f109200cb8a40f266bf,Park Joon Woo
36f66601818447489eb4fcf18e22735b,not found
90d31baed0684df4919e792eec0bf066,not found
7c112c339fdc40ae8f368c36d78d8f3d,not found
2f2f657909d0447a9eab73eb4c1ae2ca,not found
d62ec0f1da994f15b5ecefe896b5b764,not found
c615ef0d2a3c4b3c93014d4bcaed7fce,Heo Chan
356f7ec7fcf54a68b37cd53e9876c4a5,not found
f755dc2a57354976a0ef6986db6e7011,Kim Jung Gyu
f0cbf15c9cc140a29f2173d1b5d092e1,not found
4f9d5138426f41c9a5393130fd1c6bcc,Kim Byung Soo
16d9f2705ab34ed1a856b54254407cfd,not found
a144e872feb1413c9764cc746694ce57,Ha Han Me
2241ffa46adc4357854ace02d3b132ba,Oh Da Young
385e1666124344bf833a6f0774a144f0,not found
407b1fd245b64fe99eff1b666115ab2e,Shin Kyung Soo
407b1fd245b64fe99eff1b666115ab2e,Nam Tae Jin
92c7dfcf38164db2b12e984068a9a24e,Han Dong Hwa
0dd54abcc54144418c66c859e2f9c511,not found
9fe38b8882ea4987ac2d6c31d4a7f780,not found
b87261fea6ba46998abb52371574cb7f,not found
75504e6585c5412e8a43d59634c463c8,Lee Jin Seo
46997186060e487ea6e7506f82dc7337,not found
33d302a05ec842058bcf1facbe3628c5,Kim Jin Woo
33d302a05ec842058bcf1facbe3628c5,Lee Na Jung
33d302a05ec842058bcf1facbe3628c5,Park Yoo Young
c29c9bc043ee405b800f8e41ddfac0d0,not found
ea67a5bfb1064a2ab6dad176e3301590,not found
a98e288b35eb4fea9185772b021755a3,Choi Joon Bae
a98e288b35eb4fea9185772b021755a3,Kang Cheol Woo
9dfac242f06f4211b1d38725992f7a77,not found
2c33674ac4a841ac9509c52b1e08ad71,So Joon Moon
0c7825b4b21345ebb3318ba4ad4de508,Lim Jae Kyung
633309eba91d4ef6a53599baacfe84b7,Lee Si Young
851092045b924c04a15298dd9c199c0f,Oh Ki Hwan
0ab6615beda745e8a6b77c300fc870d6,not found
18cbbf5af52c4b0983cee9baf0494bbc,not found
c82107ea1be748dea07929e3e9ae63fa,Yoon Jong Ho
7dc2a52cdf954d8e9c24178ee0d00cbd,Kim Hee Won
34534479dca14fdda51e20a6f78f429e,not found
b547b2026b584d90be4cf510dca1d0d8,Joo Dong Min
427e07e2d7034856b2c6ed86ee178155,Shim Na Yeon
578788b0b2344a038e04115b937c94d5,not found
3485111c20c74754837e53696895257a,not found
b137760ea2b54ae0bd5ec924830a3815,Lee Hyun Suk
a92768b597f34a17993e60124087d44f,Jin Hyeok
4ace8a3e3a0a4c7eb2a95d466facc135,Park Gi Ho
66080fcc6b454d4cafd123aa363c287a,Yoon Sang Ho
f79dfced19f54e8b9b08b1c8621dbee1,Kim Gun Woo
5d4d07589b5b486f910e1f6db6aaef3e,not found
28e39a9a9e4849c0a82b075c603829dd,Kim Hyung Min
d036b6d9b8124073ac587cef8bc31beb,Kim Hong Seon
53408ef633ad41638caca37504a01764,not found
d51476291ff64b3484a498ecc72381dd,not found
9401db218c48456b971fda46bd6e6e8c,not found
8effacb3dfa141a29cf666a139ce4b67,not found
ac302dbf106d4ddc84b7d0d3afdef040,not found
b6473e59ce08406598cb37d44e10baf7,Yoo Jung Joon
0d021ec371544ee99574e7a28f8238a2,Hwang Da Seul
39abdd09544b4ecf8a8036d74fd1b1c3,Kim Jae Hong
dc1e52b911ba4e89b471f55cc5c52562,not found
66f9f06533b1447fbda11ab6d8d66674,not found
f188086f65644b21b1cb5de961de3036,Lee Dong Yoon
350287426cea48678d3d4dd43c8ca896,Baek Ho Min
4043734ca3a344ceaa5138361f7aafa9,not found
f5feeaefe67f47e4ae7f75e3da1f8540,Go Nak Gyun
4800507478324ec3aafcced0ca983ec9,not found
d83bd8a6502c4e90a16f48625a489f5f,not found
9e8095dd79b2452b978c617e091ad4df,not found
247df928bf364b9a99f1563d8f24216c,not found
8c3ab0366564445da7ca7d3c4e3e3c4a,not found
8f7aa83acae34ef39a70c7c4ab4dbf7d,not found
840f9e98ef8a4ac39de260bff9693484,not found
2dc3113cf03f469ca70b9de878e8249e,not found
91d549f97f2148d18cf72730229aad77,not found
2e404cf2bf0940d5b778813c183a0364,Kang Dong Hee
3d34899c22a447b8b1013761d49fa63e,Park Shin Woo
a79fe2763247414cb10c917a9e765b54,not found
0679eb9055a949f7bac39d0c5dda5597,Kim Jung Min
cca98817a6e94fdc9ac5746eebefeb23,not found
4555d12062bb4cb19b8e1f9f4f6e628c,Lee Eung Bok
91748a0573f5478cbcf27a1b3237bc0e,not found
23b9bec729a5421ca206455b91aa2706,not found
67783adfeb9648e695bbd55910056553,Lee Jae Hoon
a08fdfd35b0548968a01d109ae9737d8,not found
604d1bed78974af1bd4ff81e3162e0d3,Yoon Sung Shik
a021b0023c9e443ea1ad484704acb19b,Choi Kyu Shik
483eecf8ba474fe0a765985acb0a7ec6,Yoo Hee Woon
c94889cc5dff4d89bd8bc2711dcae08c,Kim Sang Hyub
cf8e0db8e21a4ca3a80be555baa0cab3,not found
3207a7aab81a42d49d024ef616f4d254,not found
2e42b292b8fa4582a81fdc1157c6809c,not found
421c7fbf4b614e17b351d53be7a23dc9,Kim Min Tae
421c7fbf4b614e17b351d53be7a23dc9,Kim Hyoung Seok
e0fffafb8be94fe3a0d55b1fa0139ede,Jo Soo Won
e0fffafb8be94fe3a0d55b1fa0139ede,Lee Soo Hyun
1451ba78193e4698baa2f1c448e57fa6,not found
2e1aca688c9841c0bee90d93c73ef4a7,not found
46714b63e86a4c9da4ce99db644766eb,Lee Kwang Young
a2e849e0bffe4d26ba76ee8481eb0769,Kang Min Gu
1ad412f3b99e4e27b601718626db39aa,not found
c201b212c00b430c9f9bf0bbd79d8557,not found
ce5573081c9b4b86bb581f2e1f986e56,Kim Sang Woo
d0cd52c9005148f88f81010809c31160,Lee Chang Han
94fe44b233a64c1c9506895d7c0ad3b1,not found
dd520d61fe57472d8c35fe557b73e508,not found
7dc76aa48d7646bbb5ca10e240bee66f,Oh Mi Kyung
ed5b04ddba664fbdaedf22a7e88a2404,not found
093a3654b42c4bc58b3a80671b723ece,not found
4471f3b86f334396adbc59a8c28d4fda,Park Soo Won
5d0381c6a2eb4786917c31f262ce3d3b,not found
154d6709ca454a0db55df903436fffc0,Han Jae Woon
a74a9caa8dd749b8a4c4c2c2561f2d1f,Kwak Jung Hwan
4018e6e514534e0e845e4448162b9f56,not found
fa7fbcf185cc4b76be110e95cdc2725b,not found
bef42f6ac3c14d75994a821ee26f06fe,Lee Hyun Jik
bef42f6ac3c14d75994a821ee26f06fe,Kim Jae Hong
6c7be530342540a19647276c65b47b5b,Park Seung Woo
6c7be530342540a19647276c65b47b5b,Sung Chi Wook
f6dd5986e43842e3a6497e1aa92c708b,Joo Dong Min
ccff92d3476044609465005d30191cc4,Han Da Weon
b1847c18db9446998f0b38e09cd5e884,not found
13f4485003f24beca9d475844d4520fe,not found
41d0dac5151a4d6a9fbfcb17fac66cee,Lee Jae Jin
0305a24952e242d3b56931b7f334d9ec,Oh Choong Hwan
2ce12bdc90384754aab7923cbc0b24df,Im Dae Woong
97b82e2d68d849aeaafe26b9c03c9177,not found
2c673929a5e64bee9a0c8de837fdd621,not found
fb9a7643a47940659d6b2b4a50bfd368,not found
c6326267a2ad4b0bb1e59e60525b5737,Sung Joon Hae
a1564c68793645b5ba108cf1c8c1f207,Baek Min Hee
e29e6bf5d676400f8c1cda705f6dcf12,not found
637640c243434bcc9f9eca983a3fa4ca,not found
b0f6c7f601da4e9c94ebaeda7026884d,not found
c0d40cf7af0d43ce973e7bd313917a92,Nam Gun
7b6910f282ff44fb87e712741d34adb6,Kim Min Kyung
7b6910f282ff44fb87e712741d34adb6,Goo Sung Joon
b111d3b06cb540d5b8fe7f48220e7325,Kang Shin Hyo
b111d3b06cb540d5b8fe7f48220e7325,Jo Nam Hyung
9e124877343d4de99a38c88533227540,not found
f63cabb4f05f44c09aa9eeb06d86a3d7,Lee Hyung Min
af98fb749a9e4c36860a6c7d69c31888,not found
55eb6c8963ec4ebc9b7bfa09116b3848,not found
f7a00d12cf2249fcbc3e254a44cc44b8,Choi Sung Bum
49f2d0c965754bddb0da5f1b26a2ceb0,Lee Kyung Mi
31f0ed457f9e4989966116dc6ba7a0d0,Shim Jae Hyun
d16ff503ce6a4623a631eaeb99e49e15,Ha Byung Hoon
10065a2d8ccf44cdaa5aee6b5127ebe4,Hong Seok Goo
5a4c9c9cf19c49eabf0ceee9e80eecd0,Park Sun Jae
ff398f9052324ef0b0a23eea443e026b,Kang Dong Wan
4a2e3d8c5bef496b9b78c2a4fb5ab8c9,Kim Joon Mo
4a2e3d8c5bef496b9b78c2a4fb5ab8c9,Wang Hye Ryung
4a2e3d8c5bef496b9b78c2a4fb5ab8c9,Kang Min Kyung
4a2e3d8c5bef496b9b78c2a4fb5ab8c9,Im Jung Seop
0d775b66744b46f7942c0a4300dbabb9,Park Heung Shik
0d775b66744b46f7942c0a4300dbabb9,Seo Soo Min
ccdcb57f2b6b41dcbc16190a351da59a,not found
d28d94162dd74b8399bbb257f01142a3,not found
041c25d190f940e39ba4b17d69832294,Shin Chang Seok
4a35ab09034241f7ba1e9716bbe44458,Ahn Gil Ho
6f03d3476dd84430962269a813bc45c8,not found
0de1c111cacc463eb4c22b85e3fbc204,not found
3231af55a857412cab34a466b574c085,Kim Jung Kwon
3fdd7d5a81264267acfc17e457059ac4,Seo Joo Wan
7cc1983251ea4f3796ec6b54a12838bb,Han Ji Won
9392de92dd474d3fb1fddb89e7ec02cd,Jo Young Min
424fef5faad5478589a16375968ab42e,Min Yeon Hong
61b5e005c1b04b428adbabeb0eb8fda5,Hong Chung Gi
3c4ad59c2a694f08976fa848135d9eb1,Baek Soo Chan
91f9e65ba40245e0b4b37c37d1621814,not found
847d045c26ca42328c84fc9bf6b817b9,not found
0a96c51b1efb433e96ebb94915c2ffa3,Hong Won Gi
2a735258da964dfb827bf8678af3e583,Oh Kyung Hoon
2a735258da964dfb827bf8678af3e583,Song Yeon Hwa
6ed67d02a378436b838b17e8d06a437b,Han Soo Ji
e9ce9749c8b34842876293d0908fb20d,Park Hyun Suk
ae2ff6434018426aa63e849e4baeca98,not found
55066cc316844e9eae041af8c615ffe8,not found
445f36d15648484ca4e131335840a38f,Ha Han Me
ed201ccb756a4617ab7cee4da5dbb68b,Lee Hyun Joo
04e158716fb749b4bb0e795add0800f5,Han Da Weon
9f1b7b541f214cd09e8a0b1103b3f6ad,not found
e980db93226a47f1b134f3980d486241,not found
2a278dc8a6f44a9dae4fd120bf5a2f31,Oh Kwan Jin
af2acd90b8f541acbba8a5d29cff3889,not found
c1d3c683bc67477596c61595997a18df,Kim Chul Gyu
c1d3c683bc67477596c61595997a18df,Yoon Jong Ho
f257b4dd29944223b71747f0c93dd9e6,not found
31c68309051843108270a88b67d29627,Jin Chang Gyu
4466b9a73e524330857d369b9f00f104,Lee Jae Gyoo
c351262ceb2d4e94833ff3448ea77aa5,Lee Seung Hoon
9dd54065ee7a45ddb1b23686eeea00c8,Song Hyun Wook
a1d7f29ec1524275ab2911a50746ea57,Ha Han Me
b965d67bd58542718fbabb6c80fb3877,Lee Dong Hyun
214d4e95f54e442fa70baa93670bbc2d,Kim Do Hyung
39915a954d644e429accedae4250c315,not found
bbd34e01d1c04af79446a2e04ca582d4,Choi Yoon Seok
dd4c4da22cd144079c4e92ba4d587176,Jo Nam Gook
185983c1b1524fc5b1e309b298dcbc31,not found
3419e4e7cea14a8cbba18da081d18664,Hwang Seung Gi
3419e4e7cea14a8cbba18da081d18664,Choi Yeon Soo
7a5613af7945483db1ee366f87ff5aac,not found
f5844ec7753e40308a9fa0a3c14eecce,Kim Yong Min
41bd4397c1b946f49bb899fdb3ea296b,Wang Hye Ryung
bc061e4438954207b80a9b9f12fe6eef,not found
3242a1ff2fee4743bd65402415b4995f,Park Shin Woo
3242a1ff2fee4743bd65402415b4995f,Jung Dong Yoon
8f127982159d4a44bf844c40228975e5,Lee Myung Woo
a47e27a86b4f4be6ba8ec716da4c2207,not found
12c6f06e32d645ff96419cc36acea188,not found
4d9784e5598e43449955a5b89e002ade,Im Ji Eun
34452fb66b33423e9b885500894abc31,not found
d93bb607bda64f3ca4470c3f2d4c8150,not found
34aef3217ed54b51abf6dd05a2ba8a7e,not found
caa6f6a64ef240f98798ca4aaaa05aa4,not found
bc61bfbb472b423eb2acdd8c16863230,not found
480b8a8a4a434c0fa86efbe129fb4119,Kwon Young Il
9ccc14c62ca846b18950e2f755e76e1c,not found
2077b3ccea1e46019d0a3c94f36f26f5,Song Ji Won
bcbbb1c07d404701975e1a82df51eb2e,Go Jae Hyun
bcbbb1c07d404701975e1a82df51eb2e,Park Bong Sub
4cfde7ede244478d985e3fbb1eb8d181,not found
5f1e050a0d9c41b38d8ac929f7c1b958,Kang Hyo Jin
c8e2ead5aba445e7a4c501c77dc4272c,not found
94ac84b4410b48cb8b410f6d7d0ad2a1,Nam Sung Woo
643b84d601144bf4a705dd6ddcd24bab,Jun Chang Geun
20bc59ab8ed1466083d73036e6e25c4e,Yoon Sang Ho
2a6e2620c2134aa2b853e64c34770c91,not found
d44cb498a4ae4a57b9060cc0e27bb2f9,Nam Ki Hoon
7882b429d89b42ebbd71d1f4053551c5,not found
2b1c0dbfaf584e998ee22f3b56e3b83c,Yoo Hyun Ki
ac33018fa7724654a1d4294d2fdf0fb9,not found
8d7bbc7dfa074db7a2a70e52031b5616,Ko Heung Sik
1ea5167c67f54d39a3d986bd93a2e21b,Kim Jin Min
ebd46a27c659483d86168b036d60425e,not found
cbd62ed9b35346b7b33c01b69cc258d5,Choi Young Hoon
4c6766f515ac43cf85f84f4aff6821de,Son Jung Hyun
dfb423cacebd4a2680ec5609665f2b04,not found
bb92d95a8d144959a57fc028470c5a2b,not found
bb1662edf49447d2ad6e0fc76df09c20,not found
9dd6d930c3764505b6efc3410cf283b6,Kim Hyung Il
dda080cab42244c99e5ae03ae4ea7a9d,Jin Hyung Wook
a3b2da3be2464d65bbe5dc07bb8de3f1,not found
8f65a6aa389d44539a61b5230ca2d651,Park Sun Jae
55ac0682fb3b453eb0b059eeeefcc39c,not found
9a21086848a34fec85f76e1b27fdfc1a,Baek Sang Hoon
9a21086848a34fec85f76e1b27fdfc1a,Yoo Je Won
9a21086848a34fec85f76e1b27fdfc1a,Jung Ji Hyun
9fd3ebe18375488c8d739b3c5ebf112e,not found
6d273cc558264686b285d56a027670f5,not found
bf51403a87d94534a75a352814dd73c9,not found
fcf886870cd44fd49794d7f200a82b8d,Han Da Weon
8d1ae65689484003ad98366035386a5e,not found
59142361107343278db1a3bd5480556c,Yoo Young Eun
efbf47c11d1d4d1880f0af97af7598eb,not found
fb91e7f2ce3b4df5abe5bb0dbb7ea86b,Lee Yoo Yeon
3a934abd52f741739cc6687128b3062e,Kim Shin Il
cf71f66a049b4774895c012203f8fd11,Kang Cheol Woo
e432f91de66948ba8113e9bd79af9d06,Choi Do Hoon
e432f91de66948ba8113e9bd79af9d06,Jung Hun Soo
2da0f1cc07634caea466cecc63fa60af,Mo Wan Il
33ffdae790b541818394230e72c9ec4e,Ji Byung Hyun
33ffdae790b541818394230e72c9ec4e,Goo Sung Joon
3a2e422684a84a9ebb2f109a8de15f99,not found
587ac49da83e441f9d86935f23b74e94,Kim Kyung Hee
de4f193eae534711992908b5f62f368e,Lee Sang Yeob
1b7a362d84af4c959324754eb3f5aa3d,Oh Hyun Jong
1b7a362d84af4c959324754eb3f5aa3d,Lee Soo Hyun
c52dc040450f474d8c75ed45c372dfa1,not found
407d7a7154da46199f1ac6572673c579,Hong Chung Gi
6c1839039a8941628bd62a2715c0abe9,Kim Sung Hoon
6c1839039a8941628bd62a2715c0abe9,Park In Je
f56738c9f0c345029991e7e93e239f6a,Shin Won Ho
55db777c2612478eae9f3051fada16a8,So Jae Hyun
55db777c2612478eae9f3051fada16a8,Kim Hwi
1581a7c134dc44cb8ebdb4b7a9ff65fa,not found
8215dcecf1734728ba61095aeacf7f9d,Lee Jung Heum
a4ff6a90486048929d50daf5a28c786c,Jung Sung Bin
c72243d69a5e4b4f8a3887bbe07f2ffc,Han Ji Seung
fd0a2b67150542beaad7d172ea66b360,Yoo Je Won
8fb57b0e64aa4348a6378a753a933bcd,Jang Tae Yoo
35831a99cf554fd6941e748cc9cc62db,not found
cae02dab2a544b3c9cd9279b9c0d22df,not found
ea2242d13ef44d548bef7a2652ff38ae,not found
b8d2f346ebb74248bb58c99c34d4a6bc,not found
1507d2fb9b844985b9625cf316058c6b,not found
53e8dd79275744a9be01484ce1132679,Kim Yong Wan
a410617bede842b2b491dc96172ec5d0,Park Dhan Hee
472ec0401a5149578b64a8664fd49cff,Lee Sang Yeob
472ec0401a5149578b64a8664fd49cff,Yoon Jong Ho
7eec8f8676fc4c5aabdd055f78f49ed1,Kim Dong Sun
2ca585e916c9460c8bcc064d7affe210,Lee Joon Hyeong
78ff11b4301b4694a73b510e34a5d03d,Kang Min Gu
78ff11b4301b4694a73b510e34a5d03d,Kim Seong Yoon
ebff4229dd49477f9e9ca4a28829b1b6,Oh Jong Rok
a3904ed961ee42b39dc2544608b876fb,not found
bf9ab907ad574be0a3098ff999911140,Kim Joon Mo
6fcf25942e634ba7a4f571d257c8b9ce,Jang Joon Ho
86f46107fa1f46ef910b7170b0dba3b7,not found
2ac13f0885b54af68e4ce07348b11e4d,Kim Young Joon
68fda71021664349b25b6e519af9d4ae,Kim Sang Ho
2f818924737e42b1ad27941b37aa8b66,not found
9facf2bcb32c4e618e77fac607d4502d,not found
d7c2193007364ee19e87e849c4db4a26,not found
8a720bdcf2234bda87d53eb50736f699,not found
75b8778871df4fbc830652abeb13fa89,not found
79c4732493654aea9f181811e289adc4,Yoo In Shik
79c4732493654aea9f181811e289adc4,Lee Gil Bok
544c51af0c98459bb4e3ef922b56fffd,not found
88385f60f09a4fca8b1b676272697564,Min Yeon Hong
ae63f03f451a4e02a2d60ca9f6d6c285,not found
a7deaceb26174ca59dcf5d2bea7c458b,not found
8c9e7aeef0074d8db789708bfeaa4d8a,not found
4afb26f83f4f470fb5790c57b9317152,not found
5e6333b93a9f4b6bb2d924e3a47d5dee,not found
f8c22c00a0d8409885b49ebaf106ded4,not found
ebe009a45e6a4f3c9df6c51c87358318,not found
334c6ebf0ccd430984fe7ebce6203a4e,not found
ede8f35035944f88a92d1f720836bc50,not found
0faa5b1067d746ee9227329e893d8e3c,Hwang Joon Hyuk
f19e27a97f774a3e81156a99cf283426,Lee Tae Gon
bd4e6c7fe4fa480ab5931c2db33ac5d9,not found
368b04ba7e4c4856af242ea3bd223c82,Kim Jung Min
24617e1d5e54483b9a637eddd4370b44,Lee Jeong Hyo
ffaea06bfdc44eec862e24a580c13d7f,Jung Dong Yoon
a5de1df73e0d4b5594d931f334818c41,not found
b5fb6c7bf2b242ca831f2a7c37580be8,Yoo Hee Woon
ab92976ce4ca45b09867e4567bbf8be0,Kim Young Jo
047dff07f6be42a58cf4aa5676c9ad96,not found
c5aaf1fa08a34aaf92b9f0cca159970d,Kim Mi Sook
3540687c60194950b76ad6978857495d,not found
0f73462427ee45d8991f763de47bd61c,not found
584d1ef7b78f40f3a1344bac23222aa7,Lee Hyung Min
0b5c45680a9c450aaf02936c75ad8c42,Oh Jin Suk
1b09d0768d264886bc9d91c8d70639ac,not found
5d7c6c929ccf4912ae95f71e3af94f3d,not found
ec693435deb84d95ad42b85423819339,not found
fdd884b64fff4ca08d0efed7fd4e4502,not found
f6303c06114d4f148e384ae8af1f88cd,Lee Jong Jae
1e9748224b6a4df2983527068d4ed661,not found
c412682c2d68435b9e08a9f7cd69480f,Bang Jin Hyun
2ba0546037c44d14b3512b67de3ddf60,Yoon Ryu Hae
2b76ac177e9f4f4dbfd548bcb8823136,Kwak Jung Hwan
b652b07fc40347189f68765315e78bc6,not found
6800820bbace48aaa6984eedc17bfed7,not found
22c5b3ec081d49b48d8c8d0e5e0e2754,not found
91a132b3b78945c4808163aaf40684fd,Uh Soo Sun
a290688f309a48cdadd83fa3cc9fab42,Kim Soo Jung
a290688f309a48cdadd83fa3cc9fab42,Joo Sung Min
01eafb6ccd064f82b84b7016cbd3e111,Choi Won Seok
01eafb6ccd064f82b84b7016cbd3e111,Park Sang Woo
3f253286ee714ef18d76be4f1b1790cb,not found
e2766b376fb64aceb165d993b907407c,not found
898591bb3d374cd3ae0fbb708d355239,Park Ki Hyun
d8c5b9d076c7417e90550885d67b59c2,Lee Jung Rim
dbec5ed0f5e64ad682bc38c177ed755c,not found
9c7efb55b4784446827048bfba916d25,Shin Yoon Sub
e50c337ee8674cc29f89fe15e2fdfe7f,not found
b2f9690843f948c985321cf8ab1d42f6,not found
faac148b963d493085289f137c3b1fb4,not found
f36b3e8d89f340068d4c46a7dd2dd78c,not found
0693326f6a9a4a2f8b1e07d4ae4cd990,Nam Ki Hoon
0952d5b8e02a46ddbbcffccc6b53728e,Lee Yoon Jung
cde6a9a6bbb04b168f1b5989d8a8732e,not found
9e4b04acf346451dbccb62e9b39de87f,not found
4ac0f387abca4cb99475a21aa0f94933,Kang Dong Hee
6e774653a32f498090270d97e44d6980,Kim Jin Won
4d8fb996c22247faaafc890312405fed,not found
8dfb17ba9eaf4ca2b1bab6e61166d3e2,Kim Sang Hyub
8dfb17ba9eaf4ca2b1bab6e61166d3e2,Kim Sang Woo
0b321c2a53ac4bc1aaedc66dada94e14,not found
6ea8a2ca87c1424ab3ef395ff2865395,not found
ad7df1699aff49029980b91315fcd211,Kim Dong Hwi
ad7df1699aff49029980b91315fcd211,Lee Hyun Jin
ad7df1699aff49029980b91315fcd211,Kang Soo Yeon
40d2e9e6449347dfbf0a0d1f11ef962a,Han Joon Seo
44b45e747fe44fbdae3893f57565c3fb,Shin Woo Cheol
8cbdf2721d50450cb5d8a2c4ca05bdea,Han Dong Hwa
4c5336582fcb4479a0bd8f99fd93fa08,not found
3a23f78fce6e41c9b8c1bda966222bf8,not found
77b68386efb54f978f30f064a3b45a5c,Baek Seung Ryong
713b901e978d48209b193f3c6e38152e,Yoo In Shik
fc4b5627d917413b8d1f34b06b0f68de,Kim Yong Soo
5e3dc8db762147f6b4ab8d5dd1eecf1e,Park Hyung Ki
3de430c154bc41cf982799a5ef2a071d,Kang Min Kyung
3de430c154bc41cf982799a5ef2a071d,Cha Young Hoon
ba3fc8e726bd4c98af92151107122070,not found
31d17ca0c8e34bffa4daabfe889002e6,Kim Ga Ram
d47e996a9fa0483eab8a90bce3b27ce2,not found
eea4ce72f21847c9a7be802516149e7d,not found
f3e06575b357446982a640923c248d2e,Wang Hye Ryung
54f068a333ea4d91bc9056d8fcb09366,Kim Won Suk
0fc99da096a64d7dbf4c3335dafc703e,not found
2e5a97aa1ad24ebd95fb0d2094b5cedb,Lee Chang Hee
01110023bb6b4abe8c88b250add4e265,not found
a304ed83ada547118281beac6294d8b1,not found
3a7c78b29f96489187cae5d2f4034a7d,not found
9681e7f44919473284623d747be4f034,Shin Yong Hwi
9681e7f44919473284623d747be4f034,Kim Jung Wook
f420eb1a64584ccf82f230aa93cefc15,Lee Na Jung
ce8c18be607b417fb61ae6845aabd413,Han Cheol Soo
cac532705e044034a26ed16daaa9d6b2,not found
fe5b133723804d508f7c6e0ad3132a65,not found
fe4cd6084df148b882786bde173568b1,not found
fbcda44768424bb3bd39a32da97811c8,not found
4eff689a1dc04667ab78f4a38ec37934,Park Seung Woo
c2f89acdef2e45ad8efa45d93efed54f,not found
9224646dcf514cbdb2a637ee61351d30,not found
1672c0e6b2314ec7b9bce39d56d364d2,not found
99facc7bc0e34d2a99b6d49047780952,Lee Joon Hyeong
dc7a118b1dc744c0a9cac8ac00ffff01,Kim Hye Young
5b6396681eec44f2bea75ebf660e682c,Jo Young Min
45edc1b35b37412b90bcd5afff792b85,Lee Jung Mi
b306515305774acb9f5cc3854314f459,Kim Keun Hong
b306515305774acb9f5cc3854314f459,Shim So Yeon
285b5d20f53247fdb5431a24bc099ff4,Soo Not Sue
bf0edbdf1e024661ba1f6ad139a4e406,not found
1e2fdc6e47f341bdbe99e78dc367fb81,not found
0c6697de7df0448187a6499420026529,Min Jin Gi
a5986523247643c3a4c3ee691afe205d,Im Ji Eun
7ab4e4a033e543549081b1162081fd2a,Oh Jin Suk
3388b219ee754a6d88a0312af998b960,Lee Yoo Yeon
edebb2f73c164b9580d325d8da4d916e,Shim Na Yeon
255c3b2a56a44a1cabff3cec3af9a873,Lee Dong Hyun
255c3b2a56a44a1cabff3cec3af9a873,Lee Dae Young
953e7b3c75de45eb94e3aa320dd0a6df,Jo Soo Won
d1b68f3de0c242c88479a00b2249f49e,Sung Yong Il
d1b68f3de0c242c88479a00b2249f49e,Park Ji Hyun
3abde6bdc0c84a50a63bb75aec86c4b7,Jo Woong
6e7ff68ae5a548df904035491d95c25f,Kang Il Soo
6e7ff68ae5a548df904035491d95c25f,Han Hyun Hee
8a55188fe44b422a8117c997a3b1c205,Park Joon Woo
d8b851aef1ca409f9bdd4644a423de13,not found
8ff792bcf21348999a166d933a6a0917,not found
0d0f7b0bc6b24d55bb679164877b7ab1,not found
5f6033158f794e48b3f774e2691e758b,Kim Heung Dong
5f6033158f794e48b3f774e2691e758b,Kim Chil Bong
789d1bb521d74eab961005a28603a39b,Oh Choong Hwan
f8e92d869e804263a2997a0d71150db1,not found
a72192a1f9c74860aea8f57785dd7e02,Kim Sang Woo
e509c1795c104a239bfb9afde034373c,Ahn Gil Ho
837d97b3d2d04682a78cb6178448a07a,not found
93750dc0f7234e43bf7f59a0a07f081f,Kim Jung Min
bdad52876d0d4791bf91b2fd821f249e,not found
04fc69715c0d4954987a715b42f119b8,Yoo Jong Sun
a073cf35a4724d2892d2e9785677f0ae,not found
8aa4d9ba28884335b5878bc07a06783c,not found
aa5db9eb510e410795e7f18a7e4018c0,Kim Won Suk
2dcf78291c584f9e86dd855e2234cba1,not found
ba84705403074ff2a3ad3313c81cfd15,not found
0633e89187ca48afb71bfaed84a4fe36,Yoo Hee Woon
6f2513ca7c4a4c408dcc6997c6b0c82a,not found
0dac375b58614f4987c20a92b6e40c8e,not found
846a9fa848df48a99b2dc4a05a944d02,Kwak Jung Hwan
c97d39987bab4cec816c6439667a971c,Lee Hyung Sun
c97d39987bab4cec816c6439667a971c,Jang Yong Woo
530f7a3787d7479d886d2fcc0f910a52,Jung Ji Hyun
530f7a3787d7479d886d2fcc0f910a52,Kwon Young Il
53537436e4c143e5b004260f572cce19,Kim Won Yong
c1cc920e0a984e4db6d3ec10d58d8aeb,Kim Sang Hwi
8eaa16116db74bbc84fefa775b585bce,Noh Do Cheol
8eaa16116db74bbc84fefa775b585bce,Han Jin Sun
a6a7d5e4f7784c38a4b459a3708ec4dd,Kim Won Suk
903a2f0a33704b8dae97c055a02daf6e,not found
338bbdb902cb4d1789dfedb5bda4295e,Kim Sang Yoon
173d0bda85af4418938936862fd0f36a,not found
e6a4f056edcb4352b9ca6719ad844346,not found
00bf4a76fcf9438db04534b6dc4bd579,not found
84e591cb48dc4d8089f67ad1d9e2350c,Jung Jung Hwa
84e591cb48dc4d8089f67ad1d9e2350c,Kim Bo Kyung
b11f78cf87c14bf0b472ddf21dea2dc7,Ahn Pan Seok
3eb2d9b2312a4c2eb2501eac60db87b7,Lee Jung Sub
20d5cc694fdf49b9ba50f7f1f7349426,not found
2ab52e44ae8542ba809efd9bf39a0db9,not found
7d8418136ade48ef85ee11c3e5e1a771,Lee Jung Hoon
e87dd64d5b354a53b47ad1503da9ab45,not found
26896aaf3a344dcb9f9cdacdf8bc7b68,not found
304cfa7ca5c64ca990e1f50d59c733c9,not found
c2a3914e8e3e44529a49a769e3993497,Jung Jung Hwa
12c35bde5d6941148f61d4a9cde2567b,Nam Ki Hoon
7d76e72392984dbebac2886714bb8438,not found
3d6ef0455f424a5c83bfdf4ca8ab1fb4,not found
b733d0303b704730a3c0610dffd68d76,Lee Kwon
3c0c9e36cc664261b87aa2d6855f054c,Yoo Je Won
c494d40b70aa435cb5e5e803639054a3,Lee Kwang Young
f2e6123b66b04c86ae6dcc167b128876,Yoon Sang Ho
2753328ec65641be83ebe44942ff7a56,not found
41e5ee1d9db741a4866d0bcfecad2862,Park Dhan Hee
7c5468c2db414084ad0d4a22c555d3df,Sung Joon Hae
32ae81f3d74246c6ad926d2a002db685,Shin Kyung Soo
e82314c1d8f0473fa0f00f0927a1e79a,Han Soo Ji
2a766fde0320421abaa5bfeb73c27bb6,Oh Jin Suk
169a1305f9134f83b87c6b60db5b1569,not found
709ea84c35c546dca63bb1f38799ac02,not found
3e9815c86a294162a3a037100b76c7de,Hong Jong Chan
7410593fb1124efc9b2012281b05899b,not found
5d570f4ef7aa4fce84f09987f1040499,Seo Joo Wan
6f3782cbef4c484c925271018c3f5eb8,Park Won Gook
6f3782cbef4c484c925271018c3f5eb8,Sung Chi Wook
257807f45ab945328a60505b4a76b37f,Park Chan Hong
8ed30419c3a240c6bfb64b48a004086a,not found
5b4637c57ecc4f08a441d4d7ff5f6e29,not found
cbcd592316bb4c5f84cb31797350c746,Kim Jung Hyun
5ad42d1e87224cb3a011f1a343f94b2e,not found
cb0404ab6ed2465c8910162bb3b2b092,not found
c6eae6d56a4545e282d8ea799af70b16,not found
1e50f7f64f6941eabe320ee372eec4b8,Hong Chung Gi
146f64742a7445fc8cc95aea01d0c41a,Lee Jae Jin
63caeef4a6d84bd8a3f27137797e3123,not found
b1d77407a3574f4abb3cbe3792e0db78,Lee Chang Min
606ce9b3ea4f4ad1ae2a89bee49fcc10,not found
3d0e2c175e484bb9bf1cd4b5769c9ec8,not found
8056d975490d4d2580f0c75be40169c4,Ahn Ji Sook
8056d975490d4d2580f0c75be40169c4,Nam Sung Woo
194cc87e31ff4589a1ed07ba7477c80e,Kim Jong Chang
8da44923889c4b759bcf943f248bdc39,Kim Chul Gyu
8da44923889c4b759bcf943f248bdc39,Yoon Hyun Gi
847d0d1806f04a3b8cb93f6d1f0f87a6,not found
3275273c494e4ca3ba51fa8d02462325,not found
7a9652a009c4496a9c9c1141b4731b97,Song Min Yeop
7a9652a009c4496a9c9c1141b4731b97,Hwang In Hyuk
2c5c970a4fa74b14afab2511b1cf76fc,not found
a6b3df5da6b445ffb2e6fe1405b0160b,not found
44b539b9338a4010bb545554b50648c8,not found
1ccd5826f5214b538c662de72385d9fe,Kim Byung Soo
58bf4cbeb99b42f1a29aac86ab8634c1,not found
c9d2136e0426475684b98f928377a202,not found
7d0524b8820341b7a8cce02f14225f35,Baek Min Hee
7a228fd99d9b4597be14ff1f20d51e1e,not found
2dd1be751b5c4e599998ba09e9deab3a,Park Soo Jin
2dd1be751b5c4e599998ba09e9deab3a,Lee Dong Hun
af6e21b08a3041b79651a79d8ad06198,Choi Do Hoon
ee4d0a2007784234adf4d0cb2b353a01,not found
780d805a39594b2093053604aa5ffc84,not found
6caec5874958464ea0b6ef474b6f7ab5,Choi Yi Sup
d65b285683b74cdfa2dce162f1aee7ea,not found
19bfe74f2871467e995ecb8949092550,not found
a2fff25d3b6944aabbe931459d913642,Ko Bong Soo
def533a834d3442faa868ef71b339c22,not found
fbf2245657d54781b92f6e0d05e9e472,Lee Myung Woo
80ecaff9d10242b48cf349f7535b16a5,not found
538f79e3589c4f3c949ce4ad44fc32bd,not found
f9cd595f8cdd49ecbb247199cce5e8d1,Kim Jung Kwon
d52760463b89456b82774ce735b6aac7,not found
d635bd9417a24ee098c4cc355111e0b0,not found
fcc98c50324e4e9eb3c498f1ee4461aa,not found
9ce55b86118848bf92158806501ecfb2,not found
ca78c2aca4b04c55b0683da961211cd0,Kim Seok Yoon
102cc098e24744839bfc1c996b5d97e1,Kim Sung Wook
f0631b3c7d694a288c29c1043f1dcf07,Lee Yong Seok
3a85bf6c0fe24bd7bfa8dcd3951f5d47,not found
c837c148f5cd419f8eb33ed730e54f0f,not found
e7e501082b6842dd944e6988c8ed22dd,Kim Jung Hyun
9cfc95bb5cc24d9da3d9f3d3c9eb1ce5,Park Joon Hwa
99d94e0449b44e04a4da2498ab273be5,not found
6d8bbf6c7ffe495a96d8403f7ba0781f,not found
c29218065a1a48a6a86b2fbdc34664a6,not found
1ddda60397f44276858c395018b4d389,not found
a9a47f9172954501b22049fe99bb30ec,not found
be629f835b094426b881669f52f33d0e,Yoon Sung Shik
3fc031d7683c41bdaaff8b5d6c33bc17,Lee Jeong Hyo
9f8e50b4334c447ba388895b4722fb50,Kim Sung Hoon
9bf7bb0730be4f4ba2224b6a3a43418b,Kim Sang Ho
9bf7bb0730be4f4ba2224b6a3a43418b,Park Seung Woo
66082905458147ceb5c0abec83b06b23,not found
1762772157ac4248aab26f5744114a05,not found
5ca79009d88b461fa6f2eec097d5f86a,Kim Yong Min
5ca79009d88b461fa6f2eec097d5f86a,Choi Eun Gyung
7e91dbe7ad2641e9949fcf9ca117a1a1,not found
80e54320e476461db45e5c7c3ac524c5,Jin Hyung Wook
80e54320e476461db45e5c7c3ac524c5,Lee Hyun Suk
4932cd269b8a452b8f36595f161c296b,Kim Hee Won
6ca2d2d4126b47009ea8cb55bf2d88b5,Han Sang Woo
34d11fad9053424a82a77f58f20298cf,not found
c6ad267bc3ca47af98ef2532b8615e59,not found
21b0687b7a344c878e745e0b2c351bcb,Kim Myung Wook
8983ed7e3fa9489f9c89f6b03c2e989b,Lee Seung Hoon
bb1ec84f2cf14d10a7d6e5a322466076,not found
c6be8fdbbe094fcea405ec022f833956,not found
65391f6925b84380b6657df88d77d5a0,not found
0d59d28c99894c1b861e0186e234f734,not found
55979419b59c49929ce9073038d43910,not found
266abc4abe0c4d3eadfa07927062d7d3,not found
d57aa865a7c94a7c9e50d2717b4170b0,not found
23aa41959682430395d4d2477eb28be5,Han Jae Woon
8e3bf10f962340de8c310829254413b4,not found
7e82cd2fc28a4464b4bf9fbdf412a468,Park Seon Ho
7e82cd2fc28a4464b4bf9fbdf412a468,Ham Joon Ho
fab769cbe97943b8b8f9e2ad61dd515d,not found
858bd68d2d6942728b1c6a378c57a228,not found
dad2ddaa7fed4ae7a57d47796edb0bb3,not found
d48b2622134642938e165e8c16cc6074,not found
1087538feedd4e40979143abd77f6c05,Park Hyun Suk
496e97946dd74f1e8e635ea2e82a11d6,Kim Dae Jin
496e97946dd74f1e8e635ea2e82a11d6,Lee Dong Hyun
1848fe3c5d8047338d0389141397273c,not found
d9cc9b3b8dbc4359ade4565c0bc348b4,Park Soo Cheol
0850bcaa25a54e6f984aeb38a9cddb7f,Ahn Gil Ho
106d5c2a5a3a4f229ea13349174412fa,Jung Dong Yoon
3ebe6742c03d49358d5fa43ca43ec6af,not found
abc15ab68257489f8cdfa24070131842,Kwon Hyuk Chan
abc15ab68257489f8cdfa24070131842,Park Shin Woo
e2d72b407c504f55a86062feb46f51da,Park Soo Jin
03d45fb13e574161a511e40bf3db56c3,Yoon Ryu Hae
38a7dd82e09244eeb6116ec6bbf969f4,Noh Jong Chan
3829cf2b102145908ff50f69ba089f9e,Yoon Jae Moon
e7afcab8e09946f28e03ed2e818772fd,Kim Jong Hyun
fbbd3d74843c47e385ec5ab220ee9b3e,Jo Hyun Taek
cf055e9897584cbbbaab4ca9cd947fc5,not found
dd5206730b30434e81c4a442385cd436,Joo Dong Min
43c0af2cd1cd4781ac14c70700d539dd,Choi Jung Gyu
4b66bb4d1a604912805c9f16b6be353c,Yoo Hak Chan
411850547e0c4deb945cf9502512452d,not found
567b07414f544951af24011c53635f47,Kim Jong Hyeok
8b05b83d261e4729b0aed950a79a54e3,Park Dhan Hee
c5ea851f6c314f71b05034755857e231,not found
05170bd6115c4868999b6a827431723b,not found
f3949423445a47d2998ac04a002de893,Lee Eun Jin
6816be5f7ea24c4d913e5aa23cee60a0,not found
d284785de5fb4e7f974010143d883daa,Jang Jung Do
d284785de5fb4e7f974010143d883daa,So Jae Hyun
14eee78d33da44588b881a07439385ef,Kwak Gi Won
05842d24f1db40c99a1cfe7f35a564ba,Kim Yoon Cheol
a87fb7b534c547568401dc1b14640345,not found
f6b6464d740c4d11b36d907142264ffb,not found
3e9a74baafd6452aad7cf3dff7a17bfe,not found
bcdb2033506d40f084b87c4be590334f,Kwon Hyuk Chan
86cd803b71ec436aadcec2d5ca825b1d,Yoon Sung Ho
08ea42a7caa4458e96d5d5d00a048944,Jo Chang Wan
146e2566e4484db5882b43c117e810c4,not found
2ac90b65d3164bb7888e7448011c8434,not found
8b0a894265394f2c96b7b7ae5a5e8d13,not found
95c31bef88b54d65ad216312fea98f14,not found
e02f2ebc8b154333a1cf91b8fa7ba626,Kwak Bong Cheol
044593c021964526bf011979dbec7346,not found
b2044bc96df0425fb54bdba1ab685fe8,Kim Sang Woo
a977142b07574369a89308d52ac09c8e,not found
cb0a6eabce1f42fa9e785a584036a837,not found
5df2f97e7de14c8197d50fe711e0535a,Kim Sung Yong
495a74a41a5144da949140d89cc0630a,Jung Hun Soo
29bb885e9d95425db18216ae73a5fc17,Oh Mi Kyung
29bb885e9d95425db18216ae73a5fc17,Sun Hye Yoon
dc2f48cd11334801bf5a2c786c487100,Yoo Hyun Ki
dc2f48cd11334801bf5a2c786c487100,Kim Min Kyung
7052387669ad4b7790f7af4349301861,Min Yeon Hong
7052387669ad4b7790f7af4349301861,Lee Jung Hoon
2ac16a897d3f4bcaa213c84423e766a9,Ji Young Soo
c090883d9d46419fafd1d5ccb7bb41e7,Park Joon Soo
77b33697d567480c8fb6b60c160ee81a,Yoo Je Won
38b573af07874393848ad3d6b85e1507,not found
047db0229a42431b9b7b00f8076ef994,Jin Chang Gyu
27ba0d4069584672953841db56a57906,Shin Woo Cheol
b0159482e9d04355a65fb5e1463b9675,Song Hyun Wook
a7b46f3a6e584f54a0fd05897f20e78e,Go Jae Hyun
00dd656d7be045ab8095552dca93d741,Lee Hyun Joo
62182e47162d488ab00bd0de261c201b,Pyo Min Soo
4314627fe02b4ca3a48ac763f40f109d,Jo Young Kwang
4314627fe02b4ca3a48ac763f40f109d,Jung Dong Yoon
9426ba800160477084e495c36c0d92e0,Park Sang Hoon
9426ba800160477084e495c36c0d92e0,Park Sang Woo
f99d8c52697d4126bc7ae2e699191a82,not found
3cdcfcb4caf645118c8d3a4297fbf19e,not found
797c981d8ed14acaa224c11736b42b8d,not found
7f726e2f0915495cb3e773ba7cad42c9,Hong Seok Goo
58870ec678c34d9fa382a8f1d019e2bd,not found
98894ac6b071487085050c297d67ea76,Kim Hong Seon
52340856dea9453c8d138f5565e49e37,not found
53c858d11a284859a1f50699b5aa6f51,Lee Jong Jae
53c858d11a284859a1f50699b5aa6f51,Nam Sung Woo
e12d27ae0ada481d9280387d6259cd85,not found
1de7fb1b4e6c4b9aa857b2ebf6dbcfde,not found
fffe0b8038e346ad9c7bd7c46cb82b6a,Park Soo Won
d9c9e122b7c243d2b433875eb9ace8f8,Choi Eun Jong
0e035c82fe1348979a74a0fc88d3710e,Lee Jae Hoon
0e035c82fe1348979a74a0fc88d3710e,Kang Soo Yeon
b792c56d82214ccebbd626e0fc3e7c4c,Kim Ga Ram
beed2e716c4b492daa494ae2ebff7901,Go Young Tak
346840ce104b461ab31788e4dab9e950,not found
480cef0e2c954801874b0b8b8288224a,not found
fb4b9ec57b3d406f9e9669b276eb0992,Shin Yong Hwi
62bd012a4b544e4abe28a9b663d2b9ec,not found
fe2a813c864b4b38a227391cdbb472bd,not found
7808fb186dbd4c11963c3a5cce82a46d,Ji Byung Hyun
7808fb186dbd4c11963c3a5cce82a46d,Kang Min Kyung
37e854789afb4a7785f78751404e9f80,Lee Seung Young
6a869d35b6dd4bcdb55e1b5c4d1a5865,Kim Sang Yoon
ddcb0fd4f55c4d5299ffc54fb0252ea1,not found
aa80457a7d9746f2877534cf928bdd02,not found
8228552981c649a29e0d75df2a15ff04,not found
3e1f4a93f99844e79dab2ebbdb51fb4f,Lee Sang Yeob
c10341bf8dc242fdb195574c17306356,Choi Sung Bum
77490c8a9f8b4dbc8ec0e87449bae2ed,not found
9d03f4790b584193b44ef7cf2a997358,not found
706438df8f984f318c20d632114b321d,Park Chan Yool
5a29aa10275045a0abf0046dc840e98b,Boo Sung Chul
79adb8ed7bb84fb88f29715908c8aaa9,Jang Joon Ho
957be9f7508344b38e50a3324ada5057,Hwang  Gyung Sung
bd57fc4fa6944b9caa6cd5ae05298135,Shin Chang Seok
a591c34c174b4eecba82af8454d3708c,Lee Chang Han
8133f5ca6267411f93d8bbdd2ae86c24,Jo Soo Won
ac89a1096e304f699a192065a68f6a42,Hong Jong Chan
ac89a1096e304f699a192065a68f6a42,Im Hyun Wook
f7dfb8fbb85e40ccb0f5d55093742522,not found
93cf45e7c06f4f4ab025b50d1efe324d,Lee Jong Pil
f9c54d590dfd47a4ac059939f9d106b1,not found
4a8f9baa2f0d491b8a34170fb5166697,Baek Min Hee
ffae168adec4484a9de47d75a335429d,not found
018b6f36c4eb40ff880a3856aa1a75ea,Choi Kyu Shik
018b6f36c4eb40ff880a3856aa1a75ea,Jung Hyung Geon
b3ee8134c2864c70b5a010d3020f4392,Park Kyung Ryul
e6828825f446447288056a8431c282f3,Park Dhan Hee
c37fa2358b1041b1b5f3b04d5e3109ab,not found
cd0ad14948cc4a57ae834b50edbdd23e,Lee Eung Bok
2f67a2faf18b48d2b49700634543baca,Jeon Woo Sung
2f67a2faf18b48d2b49700634543baca,Im Se Joon
2f291268a4834fd5a4a2263cf537d26c,Han Soo Ji
7bcc252ce0dd4850a9faafe2c906100e,Kim Jung Ho
d1c4a7c6b19445859b639a7621366c81,not found
47476e5273374e4f8fc072d7b99c7163,not found
e4f5ecfda3584c4bb1f88b472c759290,Lee Jeong Hyo
17da776f29954242962d53a43502a08a,not found
8b077b78582d4cbb978847dfcb394e13,Park Joon Hwa
70905dc90cbd468494365a913ee8068b,not found
bd19ec6116bf4bc48380df650e9aa003,Cha Young Hoon
401c5dd6e4fc46ce9b891f0d0dd5ac10,not found
f09083d0087345d09d9137d284b0aec4,Bae Tae Seop
18a3c5fde53b41cd891fc113fd8f0339,Kim Min Shik
18a3c5fde53b41cd891fc113fd8f0339,Noh Young Sub
c2043b177fe34cceaf965f58e9795f57,Im Tae Woo
c2043b177fe34cceaf965f58e9795f57,Jo Yong Won
19f525d0c3e24827bc53512b0478f767,Kim Yoo Jin
19f525d0c3e24827bc53512b0478f767,Kim Yoo Jin
2e3b7623586d412f9a8d7252a739d46b,Kwak Jung Hwan
203232d457b646418f44ac6883ee1ed6,Kim Hyung Shik
58a69485feb74f68810ee7352a3ae6b7,not found
8b97823738af4b91bbac05ab76e75b73,not found
1f9904963e04407098372fd2b0f6b1c0,Choi Joon Bae
df82cba2cf0145f78f627be847dc0307,Noh Do Cheol
d3d19a72c775400eb97b3cf40f089b3b,Park Yong Soon
904d03fcc0ac4b09a6cfeca04ba398a5,Kim Jin Min
ee4b492aeb1c44929b410c887b95c98a,not found
20e37a8eb9264089a9a2e70741b45269,Min Doo Shik
9dc06ec0481e4b2a8e859e0772b9ed53,Uh Soo Sun
932e328d1a3e487dacbd6dc056486e3d,Park Seon Ho
932e328d1a3e487dacbd6dc056486e3d,Ham Joon Ho
4b37a39b14114a3dab06544342041541,not found
1c955646e24d47d9a6f8913e6a502c24,not found
e089fb738e5a469f8c38d69de5f43d37,Han Ji Seung
96dad0cf51c04430a3afbc5a6f7f86d5,Kim Jin Woo
96dad0cf51c04430a3afbc5a6f7f86d5,Kwon Young Il
f9b80464313b4059adb7ab7368b9f8c8,not found
5cf4c1497209412f84aac45b758016cc,not found
abbaf76466d44e678fd71036dc5230ca,not found
26bcf9dd5b8a4580ace3b927aba68e50,not found
774141617d9c4b7eab6e75ab258807a2,not found
97a3f7294eea41d0b633c61e4376fa86,not found
cfdbff5a42a44a9bab05fc8e08ff030e,Lee Hyung Min
cfdbff5a42a44a9bab05fc8e08ff030e,Jo Woong
2c7a365618fe4c07b97139de34bdde65,not found
9048410982c243948c5a00e13a2c5085,Ahn Pan Seok
05642dff5a964e79bff23c8290a4a0eb,Nam Tae Jin
a8f7567dfd244fdda4c613528a983f79,not found
dafee6c135f04a3f83ecf3527805a19a,Han Sang Jae
f7f21756f1304291984b6b5ea3fd5d3c,Choi Chang Wook
f7f21756f1304291984b6b5ea3fd5d3c,Shim So Yeon
4f75176935974873935577886807fb41,Kim Sang Yoon
c336c6bcf162491693ff9c90ed80f26d,not found
67903f9725c5475a918093e4c94840c0,not found
33765e48af2d4ac8b8f4c1611c6e9813,Kim Sung Yong
33765e48af2d4ac8b8f4c1611c6e9813,Jung Ji In
e5fc20fedfd74d17b8367125f98a28e9,Kim Won Suk
e5fc20fedfd74d17b8367125f98a28e9,Kim Sang Woo
1d5e88a5b4794a6d99f9279ccfaec791,Yoon Chang Bum
9c6c6b0d3c8f4cdd89965535a879eb41,not found
5a6e06080afb4f0aaae99e61cfcd47e2,not found
f467c951d51443f9bb731327d3c0b2eb,not found
d57f462afb66416386520d0fc326df72,Kang In
d57f462afb66416386520d0fc326df72,Lee Dong Hyun
43e5a83454f343029d1df64d8b5ee91b,Kim Kyu Tae
43e5a83454f343029d1df64d8b5ee91b,Myung Hyun Woo
0ada1489e30041db91989764480d13f6,not found
13be29a81b7149a29f8032c842804a36,Nam Ki Hoon
5f5e5c431807400e89b3e36d31fb8d67,Baek Ho Min
4632311b35f341fb8f1630756e9fd42e,not found
7021df4a30aa4da6834c65f6c8d6967e,Kang Shin Hyo
06dffbb8bb4448fd8182fff5015f3888,Kim Jung Min
cb416de57ad14b4aa677eca73aea8e85,not found
619739b8ee8b427699a2f04b67d811f4,not found
26ab0b277e704c1b8e96220b4c8a45a1,Baek Min Hee
2404d8e66604482d930388f04bfeb150,not found
723120d5698847ba98e31f8efbfb7df2,Yoo Young Eun
723120d5698847ba98e31f8efbfb7df2,Choi Yoon Seok
728b269271f941c0a9d6f5483e5225b5,not found
067cc978ca924f4ebcb0e368805109f8,not found
5fc61d6b30f0496bbbd72afa107f6b90,Son Jung Hyun
40e8df6da5a14bd9861a3383485ef2e9,not found
b7a13a57f74f43368f439cd31d00de67,not found
411debf2424b407686119a83bd569c59,Lee Duk Gun
4686d52253fb4da5865e50f016fd892d,Kim Young Min
818544dd62994f3ca39d85abb7ea1f27,not found
f77fc0ee5ea843faafc18959cfbbfd03,not found
4a4420d05e1247cbab32c425af7f02ce,Lee Chang Min
0b853ae3ec764d24b365e55a0959cb85,Mo Wan Il
e5299414cd7d44248313128fd2d731bd,not found
a875e1a098ce4a2b85c34786beb35c39,Moon Joon Ha
a875e1a098ce4a2b85c34786beb35c39,Hwang Seung Gi
849957bc21cd4b3e9f88fa3de519c094,Shin Yong Hwi
b5ae08c97fd6498aa64151f5afae5eb5,not found
c61235b82bdf4e03a9178617995a58f6,not found
4fa97eeab99349eab1716ef2a2bc3a99,Kim Chul Gyu
4fa97eeab99349eab1716ef2a2bc3a99,Yoon Hyun Gi
47c7a3394e2d46eda8897f436fe1ca61,Joo Dong Min
d68fa5cc1ffa4aee9af329e81944d7d5,not found
b8417c9c2fff4c2baa4f04dc96ec389d,Han Soo Ji
7ef775c0073c4a0795d691af4683e2f1,not found
7c5b26c051504930a779a4886080333b,not found
08e243e0f5e64a79a803188d9528a3e0,Min Yeon Hong
08e243e0f5e64a79a803188d9528a3e0,Lee Jung Hoon
ed40658684834593a99727dbf2b0ab26,not found
ea0e8464b1cf4e35b3e71c56713b7a1a,Shin Dong Il
37f51098edfd4323a9a3a1a95c5f1ed2,Park Hong Kyun
37f51098edfd4323a9a3a1a95c5f1ed2,Kim Jung Hyun
37f51098edfd4323a9a3a1a95c5f1ed2,Kim Byung Soo
15fb4956c88849ae9eec7f2e21f678f1,not found
50b7fc44bc764c62ba067abf22cf2c30,not found
152309284b7c472b86fbe5ca325ac114,Han Dong Hwa
131f58248db4451aabd55c7dce7d6a4a,not found
8bfd6635e04d428d8b2732b56e29cf6b,not found
d6f69cf509f04e5ba059cb918249b8ef,Kim Jin Won
8ac00b4a654c41e2ae7f72bf99e63a6a,not found
98299ed8d65f4928a0d1749d68ae2918,Hong Jong Chan
f56dd68f02c5444db4212cdb1f38dfa6,not found
fce3d1979d5a427497f2d81fc045da11,not found
84b0920081804d7498e986b59f651152,Han Sang Woo
7be6d33519b14ce8866f3c15aa513790,Jeong Dae Yun
5cd851b35c554ef2b0eac477736e8f1e,Lee Kwang Jae
5cd851b35c554ef2b0eac477736e8f1e,Kim Jung Shik
cd80844373cb4ed6a5f4326e3986271f,Lee Jung Hoon
cd80844373cb4ed6a5f4326e3986271f,Ko Heung Sik
fc26a0c5a40c4b45bf571cfbb78bc703,Jung Hyung Geon
156c2729cde448df97eb7058db730119,Kim Jung Hyun
156c2729cde448df97eb7058db730119,Kang Soo Yeon
9984c68a53544f228c76698d23de9b61,not found
5a84990aeebd41cb934409fba7c77049,not found
81af40783617455dbd8637a04c707887,Kim Heung Dong
1cc7a66ff2ab4f80a16f309f59358f9e,Nam Tae Jin
8b4dc929d68649129e98fa94f2381cdb,Shin Kyung Soo
2a86eb5c526641008fc7326f97f228c9,Oh Hyun Jong
67b6e5fc7921414f962a047e253ab795,Jo Nam Gook
69a27c535df548209ff8b6117ba2425a,not found
f9ced347f6834eabbb71f2166b3ea22c,not found
61950a27a3f0496ba29d92bdc3d76a10,Kang Woo
50a275908acc402a8029c12f868eefb1,Lee Kwang Young
022b939ec9a9499789dbc3f6980490dc,Shin Won Ho
6362f80b1a744328a615b1fdd8bc914c,not found
09085c98e4fa45148a46c2b7cae0bc27,Bae Han Chul
09085c98e4fa45148a46c2b7cae0bc27,Kim Mi Sook
c474e00044a1475db07450583fb815a0,Park Gi Ho
00c8d9ee05154864991d1f52be709fb5,not found
b1d1074411b743ef9f95bcaeb21b243f,Kim Hee Won
aeab6b04f2f04c3e848a3717405ca0c3,not found
f95d9fc731064e139a608e053de47d40,Song Hyun Wook
d493348fb71b4b68b4d98d722503a02a,not found
314af109e8504889812577cf7d3337a6,not found
2926e56ff3864c0b8709408683882733,not found
0e19e90398fe41ad9684b11b52db25fb,not found
c3becfe753464d73a56a83c0041ba330,Park Sun Jae
f3cacfe2cfde4228972f50e57cdefa0f,not found
858cd06eae474ce29430f435dc54abb0,not found
54e1547c7fa14e2fb8cc0ca0ef8ee711,Jung Hyo
7a887ab712934c90aa406a78303cb109,not found
bdca7ea52dbc4dd3ac21f6f8f75cd11b,not found
bd68a18a61204dae97e1ac5accc3fd64,Song Hyun Wook
bd68a18a61204dae97e1ac5accc3fd64,Lee Jong Jae
fec43fd66fd84e48a147a110126d2ada,Kim Hong Seon
fec43fd66fd84e48a147a110126d2ada,Go Jae Hyun
7d8f11090f8b4f3b93dc65199f3490c9,Ha Byung Hoon
098fee03c2dc4b6dbce0c85dcccc05ef,Kim Jin Won
098fee03c2dc4b6dbce0c85dcccc05ef,Jun Chang Geun
9bb0f83bf53c407d91c4c9e637a3594f,Kwon Seok Jang
9bb0f83bf53c407d91c4c9e637a3594f,Kim Sang Ho
bf26febac8bb42d0ad491df290235451,Hwang Eui Kyung
fa7da047d6e74f6e92c466728b2ffbfa,not found
c441f51e62ba4aceaed6fbe0e95629ad,Kim Min Tae
c441f51e62ba4aceaed6fbe0e95629ad,Kim Young Gyoon
02e979cb3e9346a2a6d182caff67c6ea,Park Joon Hwa
02e979cb3e9346a2a6d182caff67c6ea,Nam Sung Woo
3d0a5b22838c46f0b64f05bfa22e7baa,Lee Dong Yoon
abe351071d93444f8c32d0d81c81d12f,Oh Choong Hwan
abe351071d93444f8c32d0d81c81d12f,Park Soo Jin
66664e32bd3549a4a0665ca97161d81d,not found
9141ee9f792348b598ea72b23be71fb5,Park Gi Ho
af477bb3a86f43c6a0ef1c1a658b6d64,not found
7daf702bc9f84a488f7d4b489d694415,Baek Min Hee
23120599edcd4fac9222b414917c499c,Jin Hyung Wook
568cac4e90bf4c2ea85a9d8197e0d4c0,Nam Gun
60ead4673d624a1894da5876a2a7e837,Sun Hye Yoon
814c2a795c79402283f2a7330de8e560,not found
0f03d7216cf148109a4117f54f5d9afa,Hong Seok Goo
f65fbb8e2b104114a335dd89c6cae769,not found
6b42f0f8e8e94fb9b0993bf982b4cfc6,not found
eabda42c05d4453894375ed28c5f664f,not found
b76f447719694754834965e4ecf4362a,not found
6ef4f1d084164399812f90de840f9e0d,Lee Yoon Jung
a2360810ebbd495ea8058c6dc936de4f,Kim Hyoung Seok
b5709f0295bc458bb64b3d3193f91013,Joo Sung Woo
85005c311e924aecb893bfcb0152b8aa,not found
52b2cc7b656d42aab346856fbbc26221,not found
a54dc52c8b484d3689024fade67c9049,not found
fefe0dc3f694405eb422fa371352acff,not found
87f15fa16c5f458fa49495d3f445f5ab,Park Jae Bum
87f15fa16c5f458fa49495d3f445f5ab,Kim Sang Woo
650f51a1db374dcc8dab6fc1bb43f5d8,Kim Do Hyung
ba0439b09c9f4e50a3522adac912e3df,not found
42ec0eb15bb543a7b9307dc22786120a,Lee Tae Gon
42ec0eb15bb543a7b9307dc22786120a,Kim Sang Ho
b31b30ea62e44996b3afc74af16a4141,not found
d996bc9dea404979af104e2fbd0748e0,Jung Yoon Soo
11f72545100f4786b296a07bdf29db32,Han Soo Ji
bd133aa6cbb74196adb6b0bdd7eabf8a,Shin Chang Seok
4587cff61bf94e5594fe0ad96dcebc68,Shim Na Yeon
64d37e4a8d0447f0b5d1c7149edd1ac4,Hong Jong Chan
283b852fd315461a9ba686549276fdd7,not found
7f9c540428d44526b57224f4e06ce412,Yoo Young Eun
7f9c540428d44526b57224f4e06ce412,Park Man Young
4fa4189db8754ba893ad4fa17f0dccb2,not found
87ad89bd6edc45bbbce6105c79448266,not found
11df61dc1ae149149f0c161f8cdf62f3,Kim Sung Soo
f1ceb760f13648c492fe124846a6e07a,Kim Shin Il
f1ceb760f13648c492fe124846a6e07a,Jeon Woo Sung
43a37f5bc20e4acb873414575f03a165,not found
e5ead88b53794fcdbfe3b3db397e4f49,not found
0a927cfe5cb5450c834063f4dc7d4dee,Im Hyun Wook
9cc6a378300a4ff990432e72d6374e75,not found
d91b3cc0cb864e97b4bba60b2dcfa6b0,Lee Jeong Hyo
d91b3cc0cb864e97b4bba60b2dcfa6b0,Yang Yoon Ho
2efb77cf90304250a4e5e1c7067d75ff,Hwang  Gyung Sung
f0de667d0e4240c185ad8a76ed0ff519,Lee Jung Heum
9cbe55e850f34a10afa1ba1d215e138b,not found
b08590619c794257ba89519dd0f15b78,not found
ff1d52f9f5954d698f0259a4467f56da,Go Dong Sun
5e1cedae56844a2d9f9091da5c2e5223,Baek Soo Chan
18d40079486c41f9abfb5829b912e295,not found
4970af86fb30446b9214dff1189ceab4,Song Min Yeop
4970af86fb30446b9214dff1189ceab4,Park Jin Suk
2114cc54fea44528a9b0ec372f75ee32,Kim Sang Hyub
2114cc54fea44528a9b0ec372f75ee32,Kim Sang Woo
9ae8c255f7a44c5dabc1330fd39a37e6,Kim Joon Mo
15d8050d3dd449c6a9438cf35de88fa4,Yoon Sung Ho
15d8050d3dd449c6a9438cf35de88fa4,Park Hyun Jin
9eed051b410d4644b9464ac7fe3dde2d,not found
06909a64be5644caa01872440173efef,Kim Byung Soo
7c627b9e1980494eb6a3f2f37e88b084,not found
fb713cf914074eed8345e281d01df7a7,not found
9059b2e8d24f4ac89bd807b8e7bbcd03,not found
48a116fd3b8449d4bd184768652ea0d9,not found
879a4d0d5acd4182a1e9dc04cc9cd1d8,Kim Yoon Cheol
0d6c33504dbc46788cbe3eacc39fa599,not found
15f1ef8a8802470fa153511c4c993792,Lee Hyun Jik
0cf45137b1fa47b6bfcbf74ccd2543ce,Ahn Gil Ho
7009c4625f1b4239a0669b2a3d857d28,Min Doo Shik
93859632322745f5a3457fd0a21b0dc6,Kim Ji Hyun
93859632322745f5a3457fd0a21b0dc6,Lee Jae Jin
9ed95a1ff0b34b82a099a5c71bf3570e,Lee Jong Jae
c4f260de236a46e986ebb937067c15b8,Cha Tae Hyun
c4f260de236a46e986ebb937067c15b8,Yoo Ho Jin
ab092412e731473aa12640c708da0856,not found
fa4d42d8b25a42e0b962fe4e258544b5,not found
4ffeb5b8a6ab4b578ad92b28c55d7f2d,Lee Jung Hoon
fc844c8fd7454a87a275cd2fde7b7dc0,Lee Jung Sub
cf7f777aa14249d794a76f34c2c13157,Go Young Tak
94430df1eb18406f9a336b788fe39e1b,Oh Jin Suk
b380a6cf84c046a9878e0492f258c286,not found
318b8e12236f49e99106a376b905c6f2,not found
ac61c5bd48a04850a60d7f41ea4fdee2,Min Jin Gi
ac61c5bd48a04850a60d7f41ea4fdee2,Jung Hyun Nam
963f91241c094c4e9670f3d094066e20,Lee Na Jung
963f91241c094c4e9670f3d094066e20,Kim Dong Hwi
8ead66b17d1749bcad6a5933327f60fb,Song Hyung Suk
8ead66b17d1749bcad6a5933327f60fb,Park Seung Woo
2b6e4e2db07f46218d57d00dad9b4c02,not found
56c000a42d0e40f1a12a99a3601e2363,Kwon Sung Chang
4aee037094234278a1e03c6332001c49,Jang Joon Ho
4aee037094234278a1e03c6332001c49,Oh Kyung Hoon
802913f5c3584810ab67bc5b782218be,Park Seon Ho
88b080a4f54e49eb94d420e76506de79,Park Won Gook
88b080a4f54e49eb94d420e76506de79,Noh Do Cheol
2027a2b550334f7da7f1e986042aa28b,not found
1d43130902c443a880554f63d7794768,not found
0888b4ac9255479f83537789ab54921c,not found
8569d757ad6640dc9f52453ca8a5cf93,not found
b1e4c3f1996942a8a4d9fbcb0704192c,Han Soo Ji
d00f48c2afec4ffbb6cc62deb2e2e11c,Song Ji Won
a823efa33a66423db7cc99d4465a52bd,Kim Yong Min
a823efa33a66423db7cc99d4465a52bd,Choi Eun Gyung
cbb092dbb82b41a7995b46bb66417c59,Kim Myung Wook
fa7c1db0f5d2488897729fffa5bbe7d5,Kim Sang Ho
fa7c1db0f5d2488897729fffa5bbe7d5,Lee Chang Min
7dd16758267449f098d94d5c7f349e37,not found
bb606606c8004bfcb75c553bc2964ee2,Kang Cheol Woo
1df74e12b3b24bf1a2e6c5b377ef50be,Choi Young Hoon
dbcc60674dbf48d29730d818f16d713d,Park Jin Woo
dbcc60674dbf48d29730d818f16d713d,Lee Hyo Won
c129be3ebedf4395b8c685dc93cea1fe,Kim Chul Gyu
c9d94b1755104521b46831e301127f1b,Kim Jin Woo
c9d94b1755104521b46831e301127f1b,Yoo Young Eun
d19df885740645e7886921fd44aeeb99,not found
1b5a7481be7345268d7fb95af5255299,not found
f7851039fb3e4237a8ddea6c55ca936d,not found
8d17806b10324159b0fa5f0c14e6996e,not found
87e84fa02bec4865bb9aa6730645699a,not found
d82d551482854344ba579096c59eb68d,not found
b87fbfe97d4d493ca90ac3363f971be8,not found
dbe300d01cab403584d7d1f5e8bcf293,Lee Myung Woo
c15d09c2b41747bb838a52fa4e45184e,Nam Ki Hoon
c15d09c2b41747bb838a52fa4e45184e,Shin Yong Hwi
5ceac3c9238f49d68a02654db8025de1,not found
a28f196eedf64b0ab5af2298f54b2841,Boo Sung Chul
2ae7cd58b2104a48be257c856fa659c8,Kim Jin Min
971757ad8d7043cc8d4a71c46283f382,not found
f2cc692232234e7d849df6a75501b5aa,not found
56a4e0a8da26405da27f2a032a09f7a6,Park Sang Hoon
56a4e0a8da26405da27f2a032a09f7a6,Jung Ji In
b40249b053564e93ac93d3ee74a48c07,not found
023f4c830ded41df85031806ca10b0d9,not found
56835b05585f4a948ca12f679fb7dbf5,not found
aef195b75bb94315b080a8cafcbe1e4d,Kwon Sung Chang
8c787346886844f9aa7b3be940c0b66c,not found
cfd4af0b47504ee9a5ba45fb2c0e5bc0,Baek Ho Min
c01c324200a24816a5235f8b7d35cd29,Lee Jae Sang
dcedea262aa84e6199592460dadd277d,not found
16e1aa1ff6684d0aa488c0dfcaf1fcf7,not found
426fdfdedf8b474aa0e6311d908bc735,Han Chul Kyung
a1a19717b3a14c50bf22afc078e87e9b,not found
455e518385db47879599854842235845,Hong Seok Goo
455e518385db47879599854842235845,Kim Jung Min
1e1e770f157f4fb2b4242c462853cae2,Lee Hyung Min
7b615019c17a4a0398390d83eb97c2ca,not found
85f2bf4cb092454e9c74caa7bd071c67,Choi Moon Seok
85f2bf4cb092454e9c74caa7bd071c67,Lee Kwang Young
86395f96c52848958879dfe1949b84f3,Park Sang Hoon
b445201ea9c64d36a402e4c92ee48810,Yoo Je Won
fae1a9e517af4a499dd4e5ce17caacef,not found
7922a83e54d04f27940cff6e41bdddd8,Kim Jin Man
bee86820c50a4b2ba2749fa8453bfa56,not found
999e3e6a461a4c2582bdeb9bee53a28f,Yoon Sang Ho
f844285673a74ab7a4b33dd7a1f66652,Lee Jae Hoon
f844285673a74ab7a4b33dd7a1f66652,Choi Yoon Seok
026929b5d8764669813da22254fc7255,Jo Young Kwang
026929b5d8764669813da22254fc7255,Jung Dong Yoon
a44ef5b261d54b65b953fd69ea8ed1bd,not found
d649c36e93684b69831eb31fd9184477,Ashbun
d8b3599ef2ae4f90933f68c9a76bea39,not found
60469984e5104be6a9e7a3aa139e94ab,not found
4e2a188cc4944d96bcd66e50b73ab476,Song Hyun Wook
7459448497c0491bb6fec2f6c95388d9,not found
2222ea959cf1499db52d6dcafb2196f5,Kim Hong Seon
f2263071240047ccadd5e0b45c3a8775,Park Jin Suk
9ff46ca7b8e340f79c44ad795ba71fbe,not found
24a61dda6c5c45b7afb63f409cecdfd1,not found
1be5e002c6fb46489596b35136a8c373,not found
4796c425eaa5479483d2e5c5bb8a97e6,not found
543b116878f8497eb6bb2aa39a59cab9,Yoon Sung Shik
543b116878f8497eb6bb2aa39a59cab9,Kim Young Jo
3dabb0792f224557ab59d5d33d1dcfa3,Han Soo Ji
4565dda5c01348ba9c8a60dff9707e82,Kang Il Soo
4565dda5c01348ba9c8a60dff9707e82,Han Hyun Hee
36695acdb8494650a0460b2f9db5b0c7,Yoon Joon Ho
b6bab85e9e0b4ac2981c66c247f1f5ec,not found
44cda9bae1c7455287e2c90d2dd3927c,not found
c8c3e4473dcf48d4866b73c078a7b949,not found
85deeddcff1a478c84397c9329f702b8,Lee Jung Hoon
cbd0d5d4bff74b499485fb4c1c1e17b7,not found
5b398b0343a34c098fbcede7a39d8f5b,Park Bong Sub
137d70ddd7c24a97968d70abd8812545,Lee Eung Bok
520d9a93fd804cecab7c638daf174b3a,Kim Jung Min
b9a8af64951a44f4a0bd5dbd9c6448b6,Kwak Gi Won
7396c2e4fa304d8f9516440ce4af006f,Park Seung Woo
7396c2e4fa304d8f9516440ce4af006f,Lee Sung Joon
0551122b34ea4fec9b6eff6a431977c8,not found
22cc3828ce5b417e958fa1d3bf95ce43,not found
a755aba683124733a4479df67900a283,not found
8d5082483d154ad3846e1484ab20fbcc,not found
06b2f3690f8f4470a4352f29759be541,Kim Young Jo
1e6166835671493b8f361163f64997d0,Oh Hyun Jong
1e6166835671493b8f361163f64997d0,Nam Sung Woo
609dd0c5db9f4b65aa9597e23322584f,Jin Hyeok
fa959057debf45fd9f8524b3d53fb157,not found
6dc181ba597047c382be1dc1f8f75dec,Kim Dae Jin
efa19999db1143dc93a6786c2ee813a0,Kim Sung Wook
efa19999db1143dc93a6786c2ee813a0,Lee Dae Young
74dddee2a30245a2bd56bdff65f7bd91,not found
8f97594f17334d658f26389c28783473,not found
f6bd13fcc445460a97435fc0462287b2,Yoo In Shik
f6bd13fcc445460a97435fc0462287b2,Park Soo Jin
504271bc35744ee899e28560fc441987,Ha Byung Hoon
33798dcb19e04a6d94c9642492f00136,Jang Young Woo
fd02e4e1c3914023852934dde878e2ec,not found
e556b61267044c3c8c4a5a857c983cc8,not found
08404b49650d4bc695409396d4f0bf67,not found
c89ca555e66d4f2c8c4dafee5583471f,not found
1e409a64220644e5880618fe7ae5f4b8,Lee Hyung Sun
e69628bb9d414325b1de5c1aa4f7a071,Han Sang Jae
e6cf075522fa43dfa96324f8ef44da76,Kim Seok Yoon
d25c506444d34cc9b5376e8124d85527,not found
4971fe8c5b8c43d1b8b77190cea84035,Kim Jung Min
30a26b2ad097490d8360382df7a4c228,Kim Gun
c413658fc2784c088505267829a945f1,not found
403ec33bbb2f4e52a8765df73d2cf4a4,not found
be79a2dbfde94f0986def22a8549b97c,not found
a3b7fd04a8c74498bb324c3653657292,not found
25d55262d5bf4134a3622d55b012542c,not found
d97ba91d600b4efc9755cb05dac2cc50,not found
4bed4b46f53d4c16bbbb30ff1e14d2c5,Kang Cheol Woo
307bd6f5814643e3b45a8bc1a81b8953,Lee Jae Jin
307bd6f5814643e3b45a8bc1a81b8953,Kang Dae Sun
4dea4c8b835d4bd99a91863b58bfaaf5,not found
992c186517e041148b4f7c87da90d3c6,Kwak Jung Hwan
f2432678c7ce4088824a4ad60a329e9f,Lee Sang Yeob
fda81f5da1c341668ac00614bf2ebbca,Kim Chul Gyu
c81d04ce316d4244a5e0a032b4a11f70,not found
efc2ce0df85345b38ecf87249387ba81,not found
8f1512bb9f254b2895e5af9cd481c436,Kim Shin Il
2caa015e16384955b30e5c1b0b63b87b,Choi Kyu Shik
2caa015e16384955b30e5c1b0b63b87b,Jung Hyung Geon
c052bcd9784c4a4481fcfbbba789e3f2,not found
c6718821d3cd4302a813f7cf33e8e149,Jo Nam Gook
f978030e38fb48648cf771c7c587fb0b,not found
5a6d6670f4984bbcbb0fa7b54b0e6696,Kim Kyu Tae
1c2f67ce165f4f4eaa4bce7edf2e9c0b,Boo Sung Chul
f6e349eeb01d452a945f8ba4d96dd255,Yoon Jae Moon
591ece7671704aa3be9f2055fdbcfe92,Hwang In Hyuk
8085d843ffd04ffb8ecb2bd17ecee862,not found
876f2a18e3944d4290bb24fcfb554b63,Park Shin Woo
168eea9ee61940e39cdaa4c9e811d4f3,not found
684d79148a064fc3b8e40cebc62a9ff4,Baek Sang Hoon
684d79148a064fc3b8e40cebc62a9ff4,Kim Seong Yoon
d6979ca7b6114b76a6beb5267d702179,Kwon Hyuk Chan
d6979ca7b6114b76a6beb5267d702179,Lee Min Woo
04b0e3df830748dc8a602d53a9ea23d0,not found
8e3768de14b243b39a4d44a4aaa963ca,not found
8e938445e4624bc29792ef01beba7f17,not found
763ad7afe7834229840ba31a84f7847f,not found
6d8bfe21fcf04dac908b8a5da975e4a1,Choi Young Hoon
eb770e472b974d1ab9eb4474e6a1e0bc,not found
f64d55da67774b8ebc8ae22b29bcb88d,Yoon Sung Ho
f64d55da67774b8ebc8ae22b29bcb88d,Park Dong Hoon
6579df6d65fd47438ad968f14753e6ae,not found
6899c9f98868443e93e64f6dabef8e44,Lee Tae Gon
29259226703e4a54b9f5c147f4f0dbca,not found
43ae0e3e25194af9b014491ddc311456,Jeong Dae Yun
0fb4d159a9c8452e9e1786aa254ac8a0,not found
ec6f8f9b2d714ddc936ba3629458fb2a,Kwon Nam Ki
b9e467252703479aa6141d9c79b3be46,Park Joon Hwa
6b0354b08a734999a1ff434b029db2f5,Lee Jeong Hyo
9f1d85d120b8437583890b40e280ab28,Park Hyun Suk
9f1d85d120b8437583890b40e280ab28,Cha Young Hoon
92284fd256e94a328b5aff80dc966556,Park Soo Cheol
7a67b20757a94827af468a2d9d21e660,Jo Soo Won
d6a3b29923c641d9a04ff7d659b1ebd7,Son Chang Woo
d6a3b29923c641d9a04ff7d659b1ebd7,Heo Chan
a6c8d668f323497f8bcfb057def0b2df,Lee Kang Hyun
cd108ac3e4da4bc1888944cfc2fa872c,not found
356533ac01d9409083a0f5a704b9b2f6,Park Byung Hwan
589ef9d805e64ce9b0401de350b84c85,Park Yong Soon
b91a408e9e56431c943c28d85f74f63f,Bae Tae Seop
5f07986763a34aa299885d2668eb41db,Oh Choong Hwan
ea46118bcd104fa7a28acc89061bd3bf,Mo Wan Il
ea46118bcd104fa7a28acc89061bd3bf,Lee Jae Hoon
701a7aa915da4f4ea96f5006308a4e76,Han Dong Hwa
c9b06582bf944541b0f98a77287202be,not found
905b7f32f90643de99b2e3c357132be9,Yoon Ryu Hae
b7427ce957d44efa8cbfde9d94f458ef,not found
d653795924e64800a349bd285f791ad7,Cha Young Hoon
adc416be9ed74de08e195909d1f9ee4e,not found
976266a940314f6cad9b826c6d532617,Kim Kyung Hee
ef1eccbe278c4a8eaed1e4db4e12a8ac,not found
15679981d4ac413b876cf8876889f77a,Park Jae Bum
15679981d4ac413b876cf8876889f77a,Jang Joon Ho
37d7c86e78834cd396013170d23ece88,not found
b746c53e64a0439a8c57376def5a15e2,Baek Soo Chan
b746c53e64a0439a8c57376def5a15e2,Nam Tae Jin
0204f93313ac4223830768d3d6430aea,Jo Hyun Taek
12f0c56bb7f94cc3a2bf00f05ccc5aa3,Hong Jong Chan
afb968de0c474547aaa6d81a0bc60593,not found
511f78e7f67745fa9dbf2e455eff9fcf,not found
dd14cfae720142d29f0139a9ea8d3d31,not found
c2d284503af44a7a91873d0857ff830a,Park Won Gook
c2d284503af44a7a91873d0857ff830a,Choi Yi Sup
fdcc038a444e422dad759051308b9b7f,not found
6db90159ddd342cbb72efca91fadbca6,Lee Duk Gun
faf5133dcb6f4d768d3c41bfa7b6dfc1,Kim Heung Dong
05f0727edfd3475f8e9e97c89617fa88,Song Hyun Wook
44c3d06c4bed44b0b90f60e11275925f,Choi Jung Gyu
44c3d06c4bed44b0b90f60e11275925f,Lee Byung Hoon
8eeb23b36def47cc9bdac01c34e558c7,Im Se Joon
0b7ecb0c4d504f549263822d634bc8ed,not found
d0fc0450c87440249b795a9cfcba985f,Hong Sung Chang
d0fc0450c87440249b795a9cfcba985f,Lee Kwang Young
72a34f09143b4254ae02c40adecfad87,not found
5061fdeb7a7c4089a76fa1dcd57c67bc,not found
a1301f778dbd4aefb75392b78ffbc58b,not found
ca9bdb1e078c4bfaae30d4222b101754,Jin Kyung Hwan
11082840bc91448194f29354cd75d2b2,not found
232ec98c164c477db63118eba1874969,Nam Gun
f269c58858054e5399b850285a2c801d,Joo Sung Woo
691c423d206042278024dd87a5affb9f,Lee Jung Sub
691c423d206042278024dd87a5affb9f,Lee Eun Jin
a04e1c52577141549af10de3adc0969c,Kim Ga Ram
a04e1c52577141549af10de3adc0969c,Lee Seung Hoon
8513adcd3d6848b796db14fe5a79d1a4,Lee Hyung Min
798c92ba5b7b4c91a62cd7bb080da6f6,Park Chan Hong
9cfa2669b51147d1b48908e94fb93d8c,Min Doo Shik
4bd5d6c67b3340c181d9cfcd74a17716,Han Hee
4bd5d6c67b3340c181d9cfcd74a17716,Kim Sung Wook
a7357808f9c1476694a1cb8537a676a4,Kim Yong Soo
b9718dea5eca48cdb172f1f588496c57,not found
0ddaa87489c546229ab33d2d624ae732,not found
437da75ad9724193b21af661062fdb18,not found
58509cdd2ecb40ee97f8e018fb5ce9c3,Kim Hong Seon
74533c5fde1a4c5eab2d1be61c9f0a9b,Han Cheol Soo
b1add57ade49427ba76041b236a6df19,Kim Jung Hyun
b1add57ade49427ba76041b236a6df19,Yoo In Shik
8fb3534cc0574c23b03f96be6069ad20,Kim Jin Min
0f2336c6912e41bd9a6907ba4ed35732,not found
667eafe69dd64045ab99261a68598c54,Uh Soo Sun
555d200944e047f59e74dff6d13bbe78,Lee Dong Yoon
ed0ff490e6774a9f824fc9bb4b251a49,not found
5b67fe1728a147e393e0f72fc99f5c8f,not found
b5ef6c6931074fb5be30904d005a34e4,Shin Yoon Sub
571b79b326464531b35cff6949b6a61a,Baek Sang Hoon
571b79b326464531b35cff6949b6a61a,Lee Eung Bok
6c233876ccb048d0bbacdfc274617a81,Kim Jung Gyu
d51b906807084b2789a2a490840b3f2a,not found
7c90c61a3f94461abac3f93f01b90495,Jung Jung Hwa
15a518362cba458c8cb42c8e73be080d,Son Jung Hyun
b6e803ce495e4b3abcd8a673bc839f49,not found
9a1f9c7960b24609893b0146adc98446,Jeon Woo Sung
3380b0d643984064852f37f59987055d,not found
58a9ea7f2a614819bda61c44256ed5a2,not found
7e1d845b18424a649019904afc77271b,Kwak Jung Hwan
992e5ea3ed024fc793a9345500924da4,not found
ef19123ce49f42c09307c28d21e3d352,Kim Yoon Cheol
a96ce738e91f45a3ae74c4bc62722c08,Kim Won Suk
8614cc3d739d4979b056d43e02f5ba8a,Kwon Sung Chang
a5b20d67285e44e193718d4345779fa4,not found
307417ae7e714a6a89a01dca85bf075b,not found
e359287b8e444da29cebbb1867719a19,not found
4e484c942e3f4e54849e56fcf8d80c4a,Lee So Yeon
07b3b63ad8ae4d579320885c89ec9d84,not found
6924119f0ab246c68116f04fbe78f4e7,Lee Woo Jung
6924119f0ab246c68116f04fbe78f4e7,Yoon Sung Ho
6924119f0ab246c68116f04fbe78f4e7,Yoon Se Young
6924119f0ab246c68116f04fbe78f4e7,Kim In Seon
768b634f0af74fc2ae799d4d14b52983,Ahn Gil Ho
b6cc5875d0a24cd182486e785f626dcd,Lee Yoon Jung
738c0743e40241f386ae13eb9602b9f6,Kim Young Jo
a197330e085545f2a7e90c76180d0ad8,Lee Jung Heum
d7d7868f2dd642fbb223272cd916340e,not found
8b3cc6e1d4f9413782d4bb55184aad0e,not found
e1b68c13ee3648adab079ccf25dfd4e9,not found
d0eaced161d74863a2e458158f64c7e3,Jung Hyo
3c97953d8e8d422bb12b50f57c6ce23c,not found
1fe8bf8edf7942609485d2cfdb7f2653,not found
cc99c0c9bd094c7ea094502335f1b103,Lee Chang Min
729e5a41ac7b4bddadd32d410800450a,Choi Chang Wook
729e5a41ac7b4bddadd32d410800450a,Choi Joon Bae
855a2c45bb93406ebc5df4531c7d6221,Lee Hyun Joo
53d882ba898348c4bb571d653892d916,Kang Dae Sun
215630bebde4461c95bb2a0132bd4b52,not found
31d6b47816dd491499e7a5febdb78543,Kim Hyoung Seok
31d6b47816dd491499e7a5febdb78543,Lee Na Jung
e2845a2047d443058120ebbe05a098b6,Ji Young Soo
f86f1cd93fea402a9c36fbc6c3a85a2f,Lee Chul Ha
fff500c6bfe746e8968e4c22676859b3,not found
dfc2b2560bfc41b1a37af540f20c4c36,Park Sang Hoon
dfc2b2560bfc41b1a37af540f20c4c36,Go Dong Sun
f98aa2504ff04bbab21e4afee1000341,Choi Do Hoon
f37f659336624834ad98e1ebf8866d1f,Shin Won Ho
f37f659336624834ad98e1ebf8866d1f,Yoo Hak Chan
a38a585a6c6942e59d32dc64343dcd72,not found
0f989ec2490447b5812cbe95feffb0fb,Min Doo Shik
13090f5150a84af2bbd190745380eb36,Jung Ji In
e5818e1ecfd64c7c9651e68707129a81,Kim Myung Wook
b751590b91844b6b90a16788d6c101f0,Kwon Soo Kyung
5b170a30861146219025b8a9bd6270e6,not found
12491cd2db544372b318478487b481b9,not found
c329238d41264a108b31b4fa9d6ff4b7,not found
ffaec6267d974dfc9543cda4953b48c6,not found
67a5ecdce8414c939b68df982bb3058d,not found
f8ecb7e2038c467cb9d91c14242e6c01,Kim Byung Soo
b5446cda988a4fbeb50aaf7704a5b5ce,Kim Seok Yoon
776549aca480482186829226273a3704,not found
4d978085c21d46ef922ec0bdbf7ef992,not found
aad473f05ef74fee9b0eb085b8a68639,Lee Yong Seok
782b55fb05c14fb59396b615eced1531,Lee Jeong Hyo
89146b442d3e40feaf11a30ff3b8919f,not found
7ae436e57f644a20aa888ed2733a7245,Lee Eun Jin
7ae436e57f644a20aa888ed2733a7245,Kim Jung Hyun
a25bfd6796ff4a63b47ca12a26ede1ca,Kim Sang Hyub
a25bfd6796ff4a63b47ca12a26ede1ca,Kim Hee Won
ba4b2244751342a9a273f075cbfdfcef,not found
61790e3827334688b5d7d853231a9348,Shin Kyung Soo
eef13e61328646c8b97530339bc4c0c1,Park Chan Yool
a04691f471b2419bb0d443d8d4b53eef,not found
ca288f157128477d848802d1ef9edcb5,Kim Dong Hwi
10b41e7bdf75454293f1bda3bff36102,Jang Yong Woo
0544d050b65a45ceb5768605a07b194a,Peter Lee
1985f18b5a134aee8c324ef183f98047,Jeong Dae Yun
3bef90625c1d4a4ca967dd102a25017d,not found
584aa931031a4fc08993141a9d101dc3,not found
4e17b7426e354f3594e4cfc27791c128,Jang Joon Ho
4e17b7426e354f3594e4cfc27791c128,Oh Kyung Hoon
c5bae89c8943431c8aaae11e987154d5,Baek Ho Min
c5bae89c8943431c8aaae11e987154d5,Lee Jae Jin
bcc8d4574f304b199c1249bd7d8674e6,Kim Won Yong
3516d81949bf440e9a59238b88d18934,Kwon Gye Hong
e067d4c2efdc43028a0410cc23c6e8eb,Kim Hyung Shik
6b1c8bb4c7cf4352a0f4673abdfbb0c1,not found
e2328f79d0e1432f8d5b22515801d9c1,Kim Yang Hee
cafc2cc60640463a8dc10a5ee7bb4cf9,Kang Cheol Woo
40eb2c42bb3c4396a05d5727902061ce,Choi Moon Seok
05be099411574246ad1d6f50eaad7b60,not found
cc11a722be134425b745aa95db84bc36,Lee Duk Gun
cc11a722be134425b745aa95db84bc36,Park Man Young
4018f4d69b314d8f915bba7010a72d74,Lee Geon Joon
e82b0e1d711246f184f26b02cd0af7da,Han Sang Jae
b0545c9aee1b4975b39c49b7a8a5c2a9,Oh Jin Suk
ff8a2989ded14996a8f4c40e545a59f0,Ahn Gil Ho
ff8a2989ded14996a8f4c40e545a59f0,Yoo In Shik
3b19200a5bd7484caf8d4fee13dac2b9,not found
81a910b6a3c2446dbbba97d18e29a5a1,Jo Nam Gook
81a910b6a3c2446dbbba97d18e29a5a1,Kim Sang Ho
ceb9dfcfb84d48aab2a822e080fc14c6,Jin Kyung Hwan
56f7a1b9c7244ac0b95a80256bb3d001,Hwang In Hyuk
98098ae0308945d597ad079fd8e91a72,Hong Jong Chan
79568386aa87454f99d32a242bd4c256,Lee Sung Joon
8d7d9cc581da4eb68005b863ead91b0c,Ahn Gil Ho
1ede9e88797e4f09881cf445e9ea6201,Hwang In Roe
c7724637897d4e4d86c5c9db69b27ad0,Yoo Je Won
3119a3446c184c0d9acbee8d4784938e,not found
dce6fe763f264136afd5b6f403e76d9a,not found
12208c74d650417d870f673af98c28d2,Jo Soo Won
65e26535bd214898be3b08bec65c12f7,Ko Heung Sik
2315bfcd632244a1b26296eb943470ad,Kim Jin Won
2315bfcd632244a1b26296eb943470ad,No Sang Hoon
e265f560507a46e990db066cdb69d49b,Kim Chul Gyu
e265f560507a46e990db066cdb69d49b,Kim Sang Woo
a5bc381f13ac4248a464b0901959c9ac,not found
8a5f7bb42f264848872557b8cabaee5b,not found
b1435b162c5b4ddebbc7c5d435fce13d,Kim Jung Min
65af614ebba9403eb4a151a2f0ddfd3c,Kim Heung Dong
65af614ebba9403eb4a151a2f0ddfd3c,Kim Sung Wook
09da5f2427a04c149785ffe335c92933,Yoon Ryu Hae
a50fe7944f7d405698a407b353164674,Shin Joo Hwan
ee6c5ded2ca84a18b8d669983a739a0c,Choi Young Hoon
b69ba0c3c2e44d77b7496ef34a897970,Kwak Gi Won
1d1efb71ac3d421c8f079a9e770826c6,Lee Tae Gon
1d1efb71ac3d421c8f079a9e770826c6,Kim Jae Hong
8e0a1d23690d48e291a94ba5a40ff636,Kim Yong Soo
53d9a7307c8e4c02a9743d6bf6a2f9e0,Oh Hyun Jong
53d9a7307c8e4c02a9743d6bf6a2f9e0,Park Won Gook
832b2dcd1ac941348f0dcf54972a7eb0,Lee Gye Joon
80f6be3cf6bb433c92b2c1bfbca45658,Pyo Min Soo
80f6be3cf6bb433c92b2c1bfbca45658,Yoon Sung Ho
80f6be3cf6bb433c92b2c1bfbca45658,Seo Soo Min
1f07fe7ed20f4d63af58c25b24421535,Lee Hyung Min
1f07fe7ed20f4d63af58c25b24421535,Choi Sung Bum
8b1ca0b243944ecb85227b0b3a53d568,Jin Kyung Hwan
81c8f1d83d764795b44fb12b638ac4a5,Park Hong Kyun
81c8f1d83d764795b44fb12b638ac4a5,Kim Hee Won
2bbb0298a5b54fafadab3ba6220cd0d1,not found
f942f80052cf46de912000f181ba5ddf,Kwon Seok Jang
d81fe4fb7ad34eec97226de0504764b2,not found
5cee8b7b24a548fe8a8a19b367cb51fc,not found
634519fd3e734139b9e52565a998f7fb,not found
50ba217dbb2e4b75a51c9c198ccc0bed,Kim Pyung Joong
5ef07c61a4d041f283308b7d61a2caca,not found
2d6145169ff644598f0c0032abf42d4e,Baek Sang Hoon
2d6145169ff644598f0c0032abf42d4e,Kim Seong Yoon
3515f6f3490e410ca0d57308ef9b7844,Kim Keun Hong
3515f6f3490e410ca0d57308ef9b7844,Park Sang Hoon
f2798bb99f5a40c2a3cbafd76b4757fe,Park Yong Soon
75c1221d1d4e47b2a2bc4e00adaad638,Kim Sang Ho
75c1221d1d4e47b2a2bc4e00adaad638,Choi Jung Gyu
79e6695a40d140549424ff2422ca3ff9,not found
9a22eac22a264e5a8e0d35376e0206ce,Nam Ki Hoon
041f0176a82644abb4262feb8da17a89,Lee Kwon
5eda227cf639445cbbe1ed6531e28d2d,Choi Ji Yeong
0038f84bf6c948cb99bd4772e674fd3a,Park Joon Hwa
0038f84bf6c948cb99bd4772e674fd3a,Choi Kyu Shik
53d5887261de4b849c26aab68df6358b,Ji Young Soo
2dc531911bd1454288c468ed8de78f4e,Kim Tae Eun
8e30d5f7952c41e98dfc900268df93a2,Baek Soo Chan
03c6b980e9284e4eac40efe3e2c72489,not found
64309e69d801433aa15db394bc7dfc85,Lee Seung Young
d6d3375f5dd448f6ba94ac10d3b5f597,Ashbun
62df20454192435391aeb326e637677b,Kim Min Shik
62df20454192435391aeb326e637677b,Lee Dae Young
1d4c49e5140c42aeaf79f0ee383e73b6,Song Hyun Wook
130a7ffc473148f1a246d1598849f127,Jun Chang Geun
130a7ffc473148f1a246d1598849f127,Uh Soo Sun
a6f437b9eb824a049d931592f2e79a66,Han Sang Woo
a6f437b9eb824a049d931592f2e79a66,Yoo Hyun Ki
517c97b7adb247c0ae6569139aaf71a5,Ahn Pan Seok
0072475106ba4c0fa6dc1d4cde061c15,Ji Byung Hyun
f7a00b816622416883efb4ae009d3e84,not found
7c426da0274047c3bae4f25d0896d4c8,not found
7bfcc3d58ce647708af55866d8ba4633,Lee Jae Hoon
7bfcc3d58ce647708af55866d8ba4633,Ki Min Soo
5d4fba5648c04f5a9a1c3d190588ddfe,Kim Sang Hwi
5d4fba5648c04f5a9a1c3d190588ddfe,Kim Young Jo
b78b5b393fd3421bbb6fe31665f9665c,not found
fb5c2b764c874c1db2bcdc1608b3d568,Pyo Min Soo
9951dbf5f5de40c283b764c6f7589cb6,not found
3883298d0e82464da271b36c89221c07,not found
2c55c63bd0084377a3d499a45203f156,Kim Jong Chang
8062642e09994b6aa5a6e00fa10ecc3c,Park Byung Hwan
2d05f4e68ad140609d0ebc2f083e56f7,Jo Young Kwang
2d05f4e68ad140609d0ebc2f083e56f7,Park Shin Woo
45af025f19d845baa878cda040320aaf,Song Hyung Suk
45af025f19d845baa878cda040320aaf,Yoon Ji Hoon
667c84d14e354cdd81d1db4d5befd963,Kim Yoo Jin
14fb3da5d009489dbb45d9346cd22d81,Park Hyun Suk
1dc8ab07bfc84933903019201aa925d7,Kim Yong Bum
1dc8ab07bfc84933903019201aa925d7,An Joon Young
98058140526d426eb878360903776f3d,Lee Yoon Jung
e8c09f0f7d0d4b75a4642eb06d76d811,Kim Jin Man
e8c09f0f7d0d4b75a4642eb06d76d811,Kim Dae Jin
1e7f7f2fa45d4240b8bb585ca13040f0,Park Kyung Ryul
142a09741fdd4daa878d6ae007201e43,Jang Joon Ho
142a09741fdd4daa878d6ae007201e43,Oh Hyun Chang
9170c31a02014b56bb4cec2105086f00,Joo Dong Min
c19353bdbc7a43ae98b27db202e7c908,not found
